Forex,order,n_b,n_c,1,2,3,4,5,6,7,8,9,10,11,12,MAE
ETHUSD_,1,1,1,11.47297246928087,3.8917175662421513,6.879408714501718,4.6633546801389,0.14952620421236065,0.2788004824073783,12.287058057975145,34.11267123923703,17.06945877678929,12.691580185228815,7.845905144031523,47.958134955167615,13.275049039601067
ETHUSD_,1,1,2,10.701355340002484,2.108526023876056,9.003344299340405,2.8532570608924694,0.6965366712020219,1.2537080353886372,11.715656375528878,33.331665296655004,16.198304353527288,8.524575317761107,12.403160131766997,45.145759080944835,12.827987332240516
ETHUSD_,1,1,3,10.854606872593665,1.905302927228333,8.954762889679355,3.1754318000867205,1.3032808929883362,1.9105950793594462,11.293605054909413,32.76146067510672,15.645060185733067,6.600130722827691,14.854884265286278,44.96477735705994,12.851991560238247
ETHUSD_,1,1,4,18.353626339515465,0.255043127386115,8.039916187392198,3.8004481209541274,6.699712587327938,2.402795710184985,6.22058962657912,31.070764808483336,21.246846057823195,7.57054288994692,15.388671103130768,55.34471231325775,14.699472405998492
ETHUSD_,1,1,5,17.3222233170152,4.668125177011921,9.09663179675808,5.55385671740761,7.434122849039087,5.915498808989492,5.851987472766059,27.686738391337723,22.65735764348889,14.74584432903106,13.216290240017708,53.9238106658557,15.672707284059877
ETHUSD_,1,1,6,14.319966088145783,4.3587212055434055,9.122077170502346,6.835077212799878,7.257517232760156,4.5038640559554475,3.3130439040784867,27.915774410181303,27.186204456340572,13.828050068583561,17.727020957623633,53.02984159908798,15.783096530133548
ETHUSD_,1,2,1,11.825496828752156,4.34358552334402,6.6091595425225025,4.431467209242228,0.2882323145384335,0.3940188628289109,12.678667845177669,34.2442417621697,18.13871106932028,12.91154205258221,7.617897027848215,47.299842293745264,13.398571861005964
ETHUSD_,1,2,2,11.479521489028029,3.1983407186173403,8.192714252902464,2.930447328802763,0.1703444726538004,1.1299845655939516,12.407924568677222,33.712851512550664,17.809770871264348,9.010782798708814,11.493436075442652,44.63049582579075,13.01388454000273
ETHUSD_,1,2,3,11.24126795575979,2.538420316127856,8.62007922437788,2.3833976993604624,0.19601365766217724,2.276570302118972,12.211133612140552,32.889598130121996,16.87247009713214,6.873521184287392,14.982806639865084,43.259317308487425,12.86204967728681
ETHUSD_,1,2,4,18.561358825704836,0.7960469390288688,7.420678994244696,2.922394468254526,6.524401585502039,3.7402541101726654,7.1168148060654355,29.99569547648045,21.85266737236763,8.240705737833206,15.083446859486694,53.64751013081109,14.658497942162677
ETHUSD_,1,2,5,18.606100944897683,5.957872210110778,9.337622892131133,4.989533425924283,7.755078840083826,7.653640370401976,6.771190715198124,26.179881548427986,22.669637199263654,15.700172704506027,11.751866756289886,52.34297035410071,15.80963066344467
ETHUSD_,1,2,6,15.236908224645335,3.8873405220265425,9.982122424218874,7.626514259722109,9.33117206827891,5.625957086619464,2.2933342789671607,26.38666495755317,30.190543621387977,14.845386556683648,18.00347931940927,49.76645155181772,16.097989572610846
ETHUSD_,1,3,1,11.637083716094445,4.203652339795329,6.633848103613133,3.2627057122090393,0.057809271772060584,0.44880823102348405,12.022605631841007,37.55629984026149,20.138349739185802,12.87169936054013,9.534255842657942,48.14737894274039,13.876208060977854
ETHUSD_,1,3,2,12.006256727823859,4.052420064109706,7.446774061510911,1.0245770462305877,1.1852771492952385,1.7120276202805742,12.633043206694136,38.33301241321864,22.72693151874505,11.016628983495472,14.841148556924438,40.12416550090242,13.925188570769253
ETHUSD_,1,3,3,13.417929896144907,4.171266238115883,7.722699683607055,1.5934397461797596,0.9579336788226382,1.769155192933078,11.197042245548433,39.21562124512016,22.15502631964065,9.977001160095792,12.66481890975632,49.65519457975568,14.541427407976697
ETHUSD_,1,3,4,18.74622095973851,5.188388622265993,5.627984925735883,6.334585750454841,10.92012356384646,7.354646578705823,5.91038352431058,37.10303285333028,32.25307924856708,20.395723023783447,4.5681082920340925,75.77209067109636,19.181197334489113
ETHUSD_,1,3,5,19.378162830788913,5.487563154695645,6.594430149692647,6.682731257720838,13.088664450621515,8.16773083496415,4.6194731236236475,36.008599653499864,34.889012393524176,24.8090761228793,4.241658175275532,71.65093753116275,19.63483663987075
ETHUSD_,1,3,6,9.512218757415212,2.2306008889835733,2.2178047314340628,11.668530598466074,14.394200437599796,2.57593022567325,1.1384103006277455,39.35993622185459,44.18710408062198,17.471891320265247,12.476876053523355,75.25891113517574,19.374367895970053
ETHUSD_,1,4,1,10.738600778477208,3.2966192981427467,7.162908484552647,4.38148680295817,0.6083638599175403,0.0622996586688382,12.078093809574082,35.95015677929144,20.42612349048483,12.91075705854239,8.510474885767877,47.38768768324655,13.62613104913536
ETHUSD_,1,4,2,13.141158137302137,5.738039449700564,5.449179953611657,3.4908592832171284,1.6686790057750442,0.4498240152268265,12.291004122327497,37.738036355650685,27.671149028145503,18.715970348858082,6.47449586554467,46.280000363151345,14.925699660709261
ETHUSD_,1,4,3,14.710919995674862,6.650446967149418,5.09722227171415,4.504225913390929,0.9147135787349582,0.6905919579524026,11.181158808631448,39.26079576501657,27.594637280496002,17.240539137498843,5.318246465070471,55.49220330697027,15.721308454025026
ETHUSD_,1,4,4,19.608206161001636,5.694455182730365,6.496144342748569,5.75936277609174,9.168249500131132,7.084906017457376,9.731362519743472,40.36711596769283,40.69058832350556,29.593304796672548,4.675956547003438,91.8571132709631,22.560563783811816
ETHUSD_,1,4,5,19.930652415793425,6.389072524439894,5.590502506494634,7.455930257122105,11.0422151821313,7.545933441957857,9.09630922582087,40.76956119682,41.55612442050533,30.73733038603893,4.476907541570716,92.38331103612971,23.081154177902064
ETHUSD_,1,4,6,15.397162302396811,20.522316483429737,2.5039684859317575,6.8987436694764686,8.849422995896846,9.926306616753214,9.566779621214266,35.299793100135766,39.476660328363366,34.61338195702407,16.61202100401036,107.51608316949464,25.598553311177273
ETHUSD_,1,5,1,12.66262519220231,3.658420103276368,6.8918931453329195,6.036979769301876,0.5698412766004822,0.1513979249581599,12.383580970949414,33.89817322150892,17.46666855591436,7.549080915364091,7.1849649687977415,47.31935341808417,12.981081621857568
ETHUSD_,1,5,2,13.845736211831344,2.160417098837514,9.893251900111366,3.9792131771856214,0.7413617209926044,0.446790799207677,10.497162241271228,33.70658317822234,15.43944010166254,2.0805033700764057,12.424203363725445,45.952201256605356,12.597238701644118
ETHUSD_,1,5,3,13.853311442254357,0.5881747506820455,10.352919502440637,5.217535059224002,2.588144411843553,0.38793707641753244,9.386410639275784,33.19369784727085,13.474307096875087,4.4350082589609245,13.722785120847824,51.43000047712923,13.219185973601817
ETHUSD_,1,5,4,27.219594686265285,7.395248412585201,17.648777031723146,14.789446053874503,20.639908907977635,5.303951594119632,7.821960062971879,34.800572008253546,34.957241585348505,1.8655249327397934,20.51770793477866,70.65674575942259,21.968056580838365
ETHUSD_,1,5,5,25.769045007049147,4.087518163902603,14.312263838825901,13.025027036946177,17.418477257303305,0.38788321126764663,7.044812161328096,27.504968629408115,27.49169311074863,5.105333761292286,14.457660379630632,64.97571794065308,18.465033374862973
ETHUSD_,1,5,6,29.085645090451656,3.5354211320763924,20.208496965059812,8.622268626098615,19.12910104880314,2.8580431848501133,6.798593762513973,21.322810693758377,25.255929059706823,5.242506345955418,16.17276156993714,62.27994642668767,18.375960325491594
ETHUSD_,1,6,1,13.463118390139142,2.577918864222548,7.371300182939756,4.9211142683091476,1.1760858811845076,0.4470637858306913,11.774537553980023,34.209327299944555,21.353038237647755,6.9630613800989325,4.099191617616103,45.757078324134106,12.842736315503936
ETHUSD_,1,6,2,14.346104719491734,2.1016699551181994,8.372168940938812,3.772913384743596,0.8844523427673348,0.9552597977462236,10.802124054713543,34.65740326757261,20.61200698827134,3.78301617376978,3.847634190284451,43.87403820550077,12.334066001743198
ETHUSD_,1,6,3,14.481727513254562,1.1221457438183917,9.176805096427357,4.239113702286167,0.8928251702591486,1.686970904356834,9.919440553982112,33.749949589868265,19.7423627887724,3.144205637492915,7.18549810767947,47.865894945636995,12.767244979486216
ETHUSD_,1,6,4,23.71871529140202,3.0635973340830613,9.67339982643872,12.964057273276755,11.827146861285291,0.5633588074311757,0.7846724153752224,34.028604851619164,33.91220392212425,1.4644481135666387,4.297501489643857,77.52115871093658,17.818238741431895
ETHUSD_,1,6,5,24.223042730922028,0.71959623177431,10.493106623892405,11.587430437831175,11.8075099968695,1.8267073467537933,5.401716460970412,33.54213245760769,36.49282650472806,8.11507932476496,12.62082258758381,60.70140757642746,18.12761485667713
ETHUSD_,1,6,6,23.877192437950193,0.528740797948183,9.440329447638135,10.0887310604443,11.794502997043564,5.960580242015352,0.6396831601653054,32.35055377254093,29.28262143260248,3.5431884602265686,0.8774971526049866,80.52934926618039,17.40941418561336
ETHUSD_,2,1,1,86.2992216627439,121.37971334902309,15.561155492994386,84.01311928209701,32.632476946193336,58.338799359473526,8.324626814154891,130.9079906897032,135.11334982205116,68.62551020856172,28.4870285473812,23.49210627010833,66.09792487037383
ETHUSD_,2,1,2,14.345772924691602,3.4776122276222705,10.246877793016223,2.5079675596273,4.688071256018049,1.9414209368315802,7.0769711507708974,31.047624339726593,23.593943910669633,3.3129244526361137,18.778030243572058,52.60005327472829,14.468105839159216
ETHUSD_,2,1,3,13.542311324023345,1.9001855718907261,9.83033471417704,4.526929649824909,3.196123542822943,1.483814358230601,8.961490868588289,33.58323999292166,19.15238015226436,5.3437068223176984,15.286413474641988,51.70325393466938,14.042515367197746
ETHUSD_,2,1,4,18.233560805922345,1.701832991158316,10.485231080920993,3.804982830931513,6.774924949504323,2.4760960290947045,3.4091434876804563,31.555711237947058,24.525637923161817,8.016414182945628,17.951819578634208,55.63414659684053,15.380791807895159
ETHUSD_,2,1,5,16.351992445819555,4.584241593641232,9.38756767551054,5.979576186849344,7.179710459591241,5.355038709639528,4.846695398600738,27.84306807117747,24.89542099907812,14.71607548044853,15.2804786065197,52.93609082841115,15.779663037940596
ETHUSD_,2,1,6,15.420062851729375,5.320457341735369,10.444213078993384,6.62157230977769,7.11476059744536,5.10110329355178,3.111308879353562,27.24845660036428,26.230208405193288,13.984785748571223,17.067423410453976,52.51883420957936,15.84859889389572
ETHUSD_,2,2,1,17.32546926428693,21.56391991106362,7.5430826815202145,11.055255852579405,9.673210004858097,11.896463105756393,6.1247502015053215,75.16332014397035,53.71983833708934,50.027418984466664,19.043692462392993,35.119109921029434,26.521294239209894
ETHUSD_,2,2,2,13.536642547249055,3.7446518695354953,9.493252685729333,2.219052128050715,1.9340658075490857,3.023803258820923,9.623846044326335,30.234252347201718,21.15028462425738,4.5050967374542665,17.99270317198048,48.706995252444955,13.847053872883313
ETHUSD_,2,2,3,13.339518354085975,3.0940799438913156,9.37694220810928,3.342747761073895,1.931977190943188,2.2461243503405877,10.069846544740567,33.01027402850735,20.011863887146923,5.907296778888094,15.307850121971864,49.37215108278502,13.917556021040339
ETHUSD_,2,2,4,16.357330697766905,3.690435269004232,8.478640741817753,3.1323491836485347,5.181117273614578,4.083841678504227,4.9371220104200715,29.39791891995769,24.678420366849213,8.878597963558729,17.76596103914814,53.24857571956259,14.98585923865439
ETHUSD_,2,2,5,17.13852163486167,5.1820771726375625,9.879392785633314,6.1549017998325075,7.824783903828024,6.5503266732234335,4.95135738405031,26.51849777544592,26.745124129913588,15.767180471106668,14.617398416279853,50.398584725645755,15.977345572704886
ETHUSD_,2,2,6,16.284760375697015,5.221298334259987,11.454840861185353,7.142591718711733,8.93636953535919,6.604863189768053,2.483959908717755,25.29996621751664,28.181764669169514,15.023867311284109,16.99906192710944,49.069761935207,16.058592165332147
ETHUSD_,2,3,1,9.534057213150282,14.886545857572042,9.883831639005328,1.4152332561591632,5.183370420351319,12.93911739575555,5.761883271845645,77.86899456061806,21.53785298573314,295.6711357130671,34.189176364298994,47.577375932251634,44.70404788415069
ETHUSD_,2,3,2,13.898850508748547,3.365394812714838,4.717905249949778,4.23659711287892,1.0121873024367263,0.9541309629262366,12.167683879000206,39.1649636448981,23.552603734169853,17.059558153050272,2.78753885526538,62.08615427359826,15.416964040803094
ETHUSD_,2,3,3,15.234627724651709,4.334766504970138,8.567345781842116,2.7417199066895215,3.189029655209816,1.8068892165136272,9.100164044828826,38.9523943025994,24.476340520980898,10.238246060789052,12.7983417318091,55.69159383251293,15.594288273616426
ETHUSD_,2,3,4,15.751523239572077,5.709519581145272,4.545020694386318,6.977112120567523,9.399437254976272,6.520918843156133,4.9457558636372,35.98404619028298,32.87805703462482,20.223429013842857,4.999254395976969,74.92152562458513,18.571299988062794
ETHUSD_,2,3,5,17.310998775304622,4.57055498243912,6.31393969396628,9.383643793831316,13.154190591003637,6.430990302483373,2.695408916837364,36.19041955841744,39.9226298812473,24.432232223158667,5.803624809624976,69.88608988566578,19.674560284498323
ETHUSD_,2,3,6,11.0343462565498,2.6112509630772474,4.77609027201567,10.84607477012492,14.006756644393858,3.460209062184063,1.2757818738349982,37.3673794838413,41.67374893250085,16.86769334350147,13.79605763740226,71.9716665736359,19.14058798442186
ETHUSD_,2,4,1,11.73364819373087,2.6004931655588464,7.181592589217843,4.223217729575344,0.23913817717040337,2.0641443377693016,12.334443146212509,35.864077874869295,20.41104127425145,12.672535054903342,8.886577683208394,47.35455853472146,13.797122313432423
ETHUSD_,2,4,2,8.544379740314636,0.6464964362178252,8.580932483101558,4.881154178670385,1.5395344421500876,2.347176690434786,14.39432426336706,40.58892391466614,23.500832309026034,11.519987278418832,14.513074360970023,41.3082841617772,14.363758354926214
ETHUSD_,2,4,3,16.27295376776149,5.999488184036848,6.073073427331608,5.162751858166189,1.9781322118462996,0.4212800605200221,9.824017965834244,38.979862239179994,29.096746226625264,17.551410136145584,5.5728765672417175,60.95878886535764,16.490948459170575
ETHUSD_,2,4,4,15.33623608023352,9.549216743273744,6.550797847995141,5.151519860624874,9.593076354795697,8.636689149032858,9.24605533875696,38.02434806565255,41.41387598815668,30.70794681832436,6.207639734862843,94.27026902508344,22.890639250566053
ETHUSD_,2,4,5,20.928940944750853,9.981880719240682,4.346032843813112,5.3266668022146275,8.951749782134733,8.712977776418974,9.677016012307618,40.17634998025484,43.95375316518337,32.55019953658619,6.815830047755165,94.8199186084018,23.853443018255163
ETHUSD_,2,4,6,15.016926418421933,10.674307400893944,10.794718717413932,4.851146446767648,10.185733965393062,7.833345115694314,6.116261465340777,34.71220393476273,37.75113686885484,27.118853172927594,4.786744469478634,120.22950749690705,24.172573789404705
ETHUSD_,2,5,1,251.80620557054425,256.5207403961374,97.19534967858658,266.38772277508156,3828.267592996778,137.14884045797044,15.923391867788798,1331.0855387060485,202.83263688106663,55.82539850548633,12.557511979522767,82.36667238566487,544.8264668500564
ETHUSD_,2,5,2,14.528615218453014,0.4462523951459688,11.771127809771386,5.1510587480185785,4.16960495499975,2.983689397759944,3.634678255094268,34.055192301562855,20.995591323699763,3.6799177626889863,16.912903114154524,51.5942313198183,14.160238550097278
ETHUSD_,2,5,3,14.797193974368806,0.5259670889057615,10.888450307259365,8.61379871744644,5.767698760820319,3.1979832640525556,6.186033900733307,36.73545693959144,17.77572286173625,7.7353445910946785,14.185907493527935,60.24355554904023,15.554426120714757
ETHUSD_,2,5,4,29.42089075716164,14.63863670635345,21.214363013302673,21.958668415344384,24.111712183968738,12.594042271415095,11.079844558490223,47.14556432776213,49.65360053374653,1.6533714688798242,29.957514411698288,67.27718895759949,27.558783133810206
ETHUSD_,2,5,5,28.532604529102784,5.088588012733165,17.089372641701193,15.187099321365908,20.37648277844077,2.3821263551462546,11.53636949312296,27.83312595851492,33.53395857153757,7.885402092475638,16.53167298078326,59.308345292269735,20.440429002266175
ETHUSD_,2,5,6,28.752101105638072,4.711858015786288,20.47982573163745,8.768806181677054,19.350576474633282,2.1269201220156018,6.16144934783754,21.42517826414031,24.51776756170351,5.625774697545335,15.759919719963658,60.54063524621762,18.18506770573298
ETHUSD_,2,6,1,42.45796478499351,13.882559578436915,9.250162511717928,21.85338438519876,4.811302012397716,20.14019505503544,15.051589339685595,56.58042756032772,39.403487257570745,2.4432578967568532,9.445738680470786,21.08237649383099,21.36687046303525
ETHUSD_,2,6,2,14.388884345345481,1.4733967677291755,9.243185103015703,3.8057289536816836,0.2436072969663392,1.4451424112134903,9.063684857239686,33.441257201211585,19.595608323479226,2.338293730128316,5.969070207238221,43.94422026140128,12.079339954887516
ETHUSD_,2,6,3,15.559277430262464,1.1431672458052407,9.5297422890853,6.001534117041531,2.8202167281584725,0.7357016882122259,8.105574760644982,33.84932475891727,21.055311850315345,2.6078606492693717,6.49446683244344,53.29820629929305,13.433365387454058
ETHUSD_,2,6,4,21.96523863109065,3.763192314466527,9.285747359840856,14.588937733151877,10.964022795925997,0.9664604160752244,1.5599567743580798,34.78668674943759,35.6320969379933,2.4554564172792763,3.8942870992683982,77.60852564824707,18.122550739761234
ETHUSD_,2,6,5,22.92168054851079,1.488939951681439,11.01414317919563,12.84113355592757,11.752181166247249,0.03979554331949665,6.0120463598821665,33.833413910068565,40.43279770461566,8.120134830175498,14.093840099969979,58.00397679713814,18.379506970561014
ETHUSD_,2,6,6,23.439054899365658,0.09118629972892776,8.899723956947094,10.309633215955438,10.495692025867024,6.8378733219933565,0.39500899074773677,32.68075329956024,23.154249081306453,3.6424964478440955,0.9625373781197105,81.56784957390786,16.87300487427863
ETHUSD_,3,1,1,12.26597332739429,1.0767156224572603,8.451549710440698,3.007323484876812,0.29449521057757144,1.9029867161495413,11.025260857932805,32.92830558967287,17.128220459588757,8.020065517794304,14.328049137561694,44.55474786789822,12.91530779186207
ETHUSD_,3,1,2,17.391139575960928,17.665929224036603,5.386029289155953,4.506593620530217,2.0438506347518572,6.221221227942296,8.549893372004666,31.235177067031206,34.359729238952156,31.64573907363919,25.837641892694556,33.45051446984562,18.191121557212103
ETHUSD_,3,1,3,14.49788232093299,1.2422638797938563,9.73111131507746,5.394455097295359,2.802720341948824,0.999751942193153,9.018524852994611,33.9724131387315,19.07512563729722,5.008352278121361,15.00430434557432,52.832140036188136,14.131587098845733
ETHUSD_,3,1,4,14.23485264891385,1.6687192251490381,4.4108679437371725,3.5410215110297885,4.221442833378757,2.4534300773414017,6.7358794459971145,29.0477622094093,22.35005850295258,7.999078091148114,19.059881312427397,52.94624295845721,14.055769729995141
ETHUSD_,3,1,5,16.43644816306001,4.712822927786302,9.3656317044723,5.997200978679783,7.117871967361291,5.425225240521621,4.776604819733777,27.775752847818254,25.042162020433988,15.39995226156898,15.772493620112552,51.902804530562484,15.810414256842613
ETHUSD_,3,1,6,15.182635172519623,5.390094486605017,10.431108857038792,6.627577291710588,7.208449699515171,5.038952635009458,3.085492968232031,27.208648123984215,26.263179864961074,15.119545194099393,17.449043089799716,51.58907168541585,15.882816589074245
ETHUSD_,3,2,1,13.040041145246331,1.6499395936483603,8.02845051109476,2.6951899275274345,0.4114305573099728,2.1803847883333134,11.583972396706148,32.99413231293487,18.244842799517283,8.342689580254948,14.181150086596478,43.68986054221527,13.086840353448764
ETHUSD_,3,2,2,20.909749722026934,10.900328067177673,14.682790481263513,0.213017017513204,0.6937499280119479,4.310197774457165,5.830767773650717,41.32416246073867,25.844576813100584,32.055256384748674,26.553672616414048,35.94391946134908,18.27184904170435
ETHUSD_,3,2,3,14.792503370179958,2.2558738149409368,9.322684448075394,4.471170507239871,2.0624539474874664,1.6068821229105004,9.786182691795595,33.657191183967235,20.198697316919947,5.470083807742088,15.020223195061275,51.08526689615994,14.144101108540015
ETHUSD_,3,2,4,14.526388849470697,2.629242579286574,4.282407118841651,7.208698049262099,6.600160070623148,0.7400607555736914,7.72503836048587,33.81416039818642,27.14580567639545,8.60952933137651,20.763533448908973,47.98201386138331,15.168919874982864
ETHUSD_,3,2,5,17.19775342754945,4.613099239994433,10.069720915486059,6.270967021063072,8.303245853075971,6.364404777393067,4.089930421184117,26.245604502634034,27.847387513719603,16.71616262292947,15.349541486448292,47.79648399206344,15.905358481128417
ETHUSD_,3,2,6,16.4146599098558,4.982495944894734,11.725829153077672,7.174312539665845,10.196800379409616,6.832514728305425,1.4334048032619469,24.7323333716348,28.332845292778753,16.57864660536789,17.56595450606151,46.35052742413925,16.02669372153777
ETHUSD_,3,3,1,12.39719999423363,3.158394629219973,7.220046488313828,2.6249340493816686,0.15578290904295797,1.397003943907681,11.383787624463487,37.24433822310302,20.05001707024816,10.899356111797816,11.35793759341616,46.99008357438972,13.73990685095984
ETHUSD_,3,3,2,0.9965697741173368,11.50012644537259,18.570409276413088,0.3184508221257355,3.6628024890736266,1.0671311746800025,7.231267571080266,30.095645821376422,4.8739737910806324,16.296699142115795,17.34601883462607,26.03321928342634,11.499359535457325
ETHUSD_,3,3,3,16.332373602088413,4.275645803873602,9.05046371932787,3.665494465713315,4.808750743180705,1.3733117668702488,8.187853599150454,39.991054066579906,25.652450081000527,9.862589315683731,12.808387496931479,58.038616071638785,16.170582561003254
ETHUSD_,3,3,4,21.3309488726263,1.7258366329944348,8.487307091336085,6.0247924652436415,13.636743855120287,5.088971310291845,0.28183567324901604,33.29661070351302,37.232044610060036,26.155855195625023,5.9918060657148455,58.29821231361277,18.129247065782277
ETHUSD_,3,3,5,21.12971314673631,4.104896785311268,8.691668731401352,6.51339592361081,14.19536178313718,4.316782620731842,2.363984907273,31.562255689533657,37.75735093972444,27.832534219551963,8.171988724140796,52.24939026402154,18.24077697793118
ETHUSD_,3,3,6,18.526002924724104,0.9127586487474036,9.328968869595347,7.2277080559954685,14.801735937353389,4.543670525905267,5.446793695958565,31.868112153098448,35.41846259609049,21.988619467484387,17.951900724294,54.839242211729164,18.57116465091467
ETHUSD_,3,4,1,11.197336738915755,3.011490456065715,7.283159833243635,4.19945837163404,0.5330958074378774,0.5065792698874523,11.814892477548492,35.78399442736631,20.53897061831736,12.558004030336356,9.15190460742327,47.02122001426545,13.633342221036811
ETHUSD_,3,4,2,3.657603226258419,6.368287695851793,13.694403807827857,4.317616257746066,1.1533583838184187,2.3896930066643884,10.93216213916646,27.40238763581267,11.801555440065018,1.0119375372229589,25.42809482001865,30.16442816550783,11.526794009663377
ETHUSD_,3,4,3,20.6802372361844,7.227024050177332,5.564703969478158,8.97989085980031,7.003518147391093,1.4239067085933528,10.03058585325213,40.923105885444585,31.832601744109557,16.882289751743393,5.092082188554915,69.43547746098837,18.756285321309804
ETHUSD_,3,4,4,13.259905927982915,8.837494979233588,0.19294132790744287,9.030436647916463,9.345165630987996,7.228539741726781,9.33244661467041,38.94062917596414,41.77237048102646,32.02547070350271,6.5959085772586485,90.68440131041918,22.270475926549725
ETHUSD_,3,4,5,19.07027728578989,9.261849083176951,0.5520743926334087,7.50760888544585,7.889851462046542,5.668811716785361,10.134153620554983,40.28130654486278,46.09342403928941,33.0798510558991,7.285287918915053,89.25850816538572,23.006917014232087
ETHUSD_,3,4,6,13.73308449965775,11.129393994841228,6.616191484959636,1.258811568566944,7.523610742242856,6.280257386549172,6.726257853563346,37.87630447623725,39.022727832577594,27.519653886242097,5.516597364087052,92.40555713106913,21.300704018382834
ETHUSD_,3,5,1,14.954547214286235,2.037958129101337,8.651706354153335,4.573519742246226,0.6236422893510722,0.9912277695283023,11.411221121022082,32.92534546235241,17.328257505939927,3.176116481018661,12.638235876865265,46.697146180471236,13.000743677194672
ETHUSD_,3,5,2,14.481241563305417,0.5066396427452508,11.665065698336099,5.434554991912079,4.457693295658103,4.003742403751626,4.8244655935042395,33.72361766076145,21.189685947235397,7.954674611096434,16.442068932457886,53.02588528550459,14.809111302189047
ETHUSD_,3,5,3,15.434113605181308,1.6991088792030915,10.354549753899384,10.24669995787329,4.355822389085638,3.8011718467398605,7.486077159372511,37.2202457768854,16.607483194107864,9.367607383623254,13.386655362096588,62.896418274971246,16.071329465253285
ETHUSD_,3,5,4,28.49697259520613,13.503221421955006,22.0243934043744,21.39685054051238,25.556398134052678,12.645744606874803,13.972650267823127,45.521837949863205,47.687908399468206,3.6937631691000736,28.149724542589144,56.80040246253421,26.620822291196117
ETHUSD_,3,5,5,26.72583017523381,5.5082449310580275,16.626075049058777,15.57562188336038,20.33221377682705,3.6224870234231337,11.538285356069276,28.268270900265197,32.73784670532988,8.670101115871775,15.654467064989872,56.39296842632612,20.137701033984445
ETHUSD_,3,5,6,27.072688523789758,4.585615073873563,20.60484680287995,5.831762268370817,18.20135297316437,1.9387273319965566,5.760088753496976,24.597955224564846,24.35775418718063,4.216558380874962,10.42714244778775,59.688354653708465,17.273570551807385
ETHUSD_,3,6,1,14.479968997591916,0.3287229779156054,9.288938404608443,3.970511970840295,0.8086972399110798,2.3741917211316204,11.16235353145739,32.497888096914835,21.78228575241705,3.0777049829886907,11.440677395931687,44.82611595325026,13.003171418746573
ETHUSD_,3,6,2,15.376879805155925,1.0723351755273762,10.052327159401848,2.7913269188401335,0.863622220006756,2.4615045044957142,9.19669191049743,33.25760635485688,21.10509129812546,1.7582295850029919,9.428189075179278,42.64799505147732,12.500983254880593
ETHUSD_,3,6,3,17.783931559646177,0.00719006034154164,9.730602735071573,9.12807158535685,3.6201301387888365,0.5851550961465541,8.582585801082383,34.03622573359131,21.549798383321086,0.326198844762673,5.116339063571481,60.27623118467085,14.228538348862608
ETHUSD_,3,6,4,22.090517490249724,4.813076217053645,9.85412070977145,14.738214695639881,11.62925612059242,1.2565642033129898,2.1910829340981475,34.5160098055353,37.56750587405175,4.345487658811263,5.044707438103387,66.37751101857042,17.868671180482533
ETHUSD_,3,6,5,23.466674523978025,2.3169920912557296,12.48170669560862,11.9506502683448,14.522540085068503,0.4671050591624338,10.305909492712997,33.430432259456936,41.09299485098899,15.443758633098076,14.432758087411008,45.55986911994189,18.789282597252335
ETHUSD_,3,6,6,24.971150298369135,0.2904585271991457,9.88186028170159,6.835846721830147,8.03279241420599,9.118070113988509,4.529233648159896,30.049601809204596,20.382444677835704,2.8596075610858103,2.464915158520778,51.00750608551138,14.201957274801059
ETHUSD_,4,1,1,16.293709482036974,0.4056565368432132,5.84898829438736,5.163978621467806,1.8935537136737222,1.4710525475116114,9.481048928992148,34.2387814875243,17.201011455902325,7.743375121286637,10.132364513549975,53.20958142563005,13.590258510733845
ETHUSD_,4,1,2,14.687004471149507,1.6767284441404438,2.7896211873312984,10.955897442429787,7.040780633967522,3.591010624437411,8.939989911772175,29.13477950004215,16.48733259736123,9.131536891570107,5.92987578650955,66.8222823635511,14.765569987855189
ETHUSD_,4,1,3,18.22020157239164,0.8362312826141404,8.66211396310913,4.650119949891152,4.46790595397921,2.3737796938387365,6.475735288829617,32.34680853416707,22.07577081725797,9.63103704175186,13.169632452171248,53.75588364656797,14.722101683047477
ETHUSD_,4,1,4,17.342650888313134,1.0034990051900292,8.128430372835043,4.614020059169792,6.9354931415876635,2.516333182717586,2.4538348943043755,31.035925131500385,26.88620004304448,16.441251746231327,14.479925210468899,44.70349458273836,14.711754854841756
ETHUSD_,4,1,5,21.842014843459147,5.861273533475957,10.995715280248564,3.013976227118334,5.236866150226908,8.676689814552335,6.812237379413738,18.845684030917777,13.007283594074478,14.672066633898668,3.627890736298198,61.527686229490406,14.50994870443121
ETHUSD_,4,1,6,21.563547688156447,7.9103570264372935,11.582840152541625,3.4535574647515035,5.07688382771602,6.927287298764337,4.826096503278593,23.605455171874077,20.74127706168021,12.755834216042357,9.22750438683463,53.330818275774575,15.083454922820975
ETHUSD_,4,2,1,16.767490614918405,1.052266600286103,5.494716842675372,4.777532126542546,1.083392869800623,1.7872909534417551,10.091440032648311,34.17378540882707,18.460893267348524,8.14942825502575,9.918793324979083,52.364448617098404,13.676789909465995
ETHUSD_,4,2,2,0.9757637287559404,19.142132976961044,18.332972251606527,8.619931686111745,5.118498263623183,16.427837833658156,22.737275749959217,30.92681934710237,29.561802342331177,9.405263519284764,7.111157600519388,65.10872471054064,19.455681667537846
ETHUSD_,4,2,3,18.061342439139295,2.252884048347044,8.373601776468563,3.7251975408788796,3.3750695226100977,3.1755841348797476,7.560429957517304,31.470015298277886,22.31939847549246,10.468112985877104,12.151882319502427,52.72815692846437,14.638472952287932
ETHUSD_,4,2,4,19.55750714820102,2.959982451547295,10.552219166916428,3.146592620777635,8.559509771526324,4.8605519682808715,2.2655642748520446,25.61378014598591,25.957690411836392,17.877775928676737,12.275160469454487,43.18249847960383,14.734069403138248
ETHUSD_,4,2,5,25.100853964876997,7.706156145159447,13.432250505457713,0.8309172398014798,5.788317485153872,12.83591616842401,8.2124800353787,13.496441288359783,9.939137946788428,15.434766872683381,7.793208895653055,64.0742626832966,15.38705910258612
ETHUSD_,4,2,6,21.74657393945646,8.47656558524423,12.349105327071715,0.6658366280818023,4.728875737415209,10.442851315246594,7.457448008587867,20.547005395945842,16.79808163106343,13.625529820028154,5.57760856404146,51.633050720401286,14.504044389382004
ETHUSD_,4,3,1,18.10447666035204,0.8064124254868753,3.2686508576568802,5.854033091341339,2.456016817331223,0.5935872159093071,8.69135970426501,39.74966028896307,20.778058587829726,11.507040537775385,1.7990992070228515,66.22356330177318,14.985996557975575
ETHUSD_,4,3,2,6.391377358652299,13.523309632244402,14.3734962792935,9.077177620026475,6.345456502607563,1.6858102467639084,8.971982231560203,37.2046249239068,11.795405171825625,30.03276006266194,6.642097395407795,63.692187700169825,17.477973760426696
ETHUSD_,4,3,3,17.311062712278247,2.387754957906517,7.291926563906015,3.71610352280502,4.740539503836018,3.124904701511103,6.041189717874825,36.35833488928636,26.753457756912454,14.838724952844634,4.802890658475543,65.08278647053083,16.037473034013964
ETHUSD_,4,3,4,21.046667071225126,1.801738761494657,8.137446637476405,4.6039156866072055,12.494857746246682,6.99810197371433,2.058084117463275,27.623827740990485,27.742382431120973,24.587485012741954,0.7052544273449517,63.36123081076498,16.763416034765918
ETHUSD_,4,3,5,24.140799216030146,1.3237573915628627,13.976149086211478,3.3815540671355198,14.301567064990401,13.285062690197384,0.7581974240221596,17.907064323059842,20.34777375498181,31.981658342211567,14.278170469326032,69.00013310809715,18.72349057815219
ETHUSD_,4,3,6,22.41993268316163,5.089409850892344,11.287242778070869,5.230388639261374,14.493407748138692,9.95883442221718,2.234545727897077,21.143874085426962,24.170533103896457,27.70494643555004,5.884317403714986,47.37799893125128,16.41628598412324
ETHUSD_,4,4,1,20.045709070404225,1.3160495508603054,3.7461219997866406,6.908810192941267,1.9276185609494432,0.7419048444872124,7.74332408560264,38.56986988394664,21.866698971210916,13.307632871249872,5.328607614920519,71.36423922915604,16.072215572959646
ETHUSD_,4,4,2,15.894066233162881,2.429138822061714,6.196724049166613,10.372459810904697,5.872769158181278,3.380657442350311,10.694980835700356,34.94042943305695,2.7067747403362383,9.871724336740515,4.628153500285722,70.46139214202744,14.787439208664559
ETHUSD_,4,4,3,25.227063552286367,4.647731310682443,6.644492635889719,7.3931933341945975,6.3575451100980285,1.8349374026053313,4.927183759945056,36.42186026863136,32.0613210035696,19.2536988273558,1.3162282219214771,77.27357085156092,18.613235523228393
ETHUSD_,4,4,4,25.86890126449859,6.115550062638659,4.525737682122984,7.8882838159182604,8.294534204713642,3.0743905980156914,4.6466615145277945,33.46163662004541,34.543402486815886,24.300433843031787,4.906084948925871,82.57138286041301,20.0164166584723
ETHUSD_,4,4,5,26.40544837244347,6.443200048669142,7.098486554282017,5.024564380621896,8.427858851006684,8.737612696884169,9.339841267016537,30.744667471143273,30.923884660884976,30.862441026114222,15.828185068301007,89.48873623737501,22.443743886228532
ETHUSD_,4,4,6,33.267399241853276,25.81865232871683,3.931397461874042,16.94119882945214,9.780964892125708,4.371475439753577,0.1953018240609812,28.76822325849306,35.250171179728554,20.49621691363333,2.209323041853093,77.53852399244634,21.54740403366591
ETHUSD_,4,5,1,17.23706575982024,5.44842283520521,3.710708576002576,11.510638597162103,3.7976651997366417,0.5789124425900226,8.051013877348458,34.54847457738414,16.23851381842474,1.4505587962029096,1.179524875618947,70.58218717698946,14.527807211040452
ETHUSD_,4,5,2,15.165055010672477,5.381476942546481,8.513839437188194,14.939935746503178,9.753398292853786,1.765855647850793,1.4903487248838114,30.661968597903027,22.94791719601822,3.8535349492511783,5.39789470643442,75.98699478942972,16.321518336794608
ETHUSD_,4,5,3,16.00533845586927,4.854062136694006,8.166316493860872,14.164325551617676,7.833469502742623,2.1293490943617828,1.3797445142348892,34.9716931565577,27.65471376880423,0.3984513326083374,10.748464605246065,70.1537136918221,16.538303525368296
ETHUSD_,4,5,4,16.891902992017826,4.74279971128774,10.22218393725687,16.423720668139,9.867827028103028,3.3442250990550164,2.1324461404639674,29.561705600880867,27.67292232917019,0.6963104749352691,5.902785989308123,74.61645919597804,16.839607430549663
ETHUSD_,4,5,5,13.641366346146548,4.5098833189131735,7.789503690989628,15.757509308793278,9.614931356428187,1.3107244953916692,5.203479794650152,30.501361701506298,41.58432779869197,9.574859755009198,1.471991055226885,51.181190307847345,16.01176074413286
ETHUSD_,4,5,6,16.001474592633908,3.476441023131133,9.041532990998327,16.663218046424475,12.599061488128873,0.7571156643500857,4.813284259435624,29.391099838798734,41.038867822517695,11.460694462778234,7.1960582437690395,57.60689327435351,17.503811808943304
ETHUSD_,4,6,1,20.775957126878104,2.35735324002109,2.4428923768788837,11.404423015149172,1.634516274902818,0.3168982567807703,6.506828458373707,32.338928322821786,20.509865375905342,2.1139210201510403,5.0852149613803235,71.6459575537892,14.76106299858602
ETHUSD_,4,6,2,24.89663192201294,3.8665877976118264,1.4030807552313491,14.205857475823533,7.873820275816796,2.3148648881576106,3.2256254026715836,31.593760013526506,25.893639840257276,6.222022933423044,12.37044044337355,88.91091472844853,18.56477053969621
ETHUSD_,4,6,3,21.276704303570508,1.1741786834992523,6.614597436388059,11.432943131173642,5.380124841656228,0.018716090229510957,0.799446978504091,30.502869140998673,28.66002436722918,6.207220435452916,4.862681021720584,74.74612735593902,15.972969482196808
ETHUSD_,4,6,4,23.985164313427205,2.1428549025774024,8.197535366367688,11.133717171759159,5.21765435277958,0.4426189827617043,0.23588835584348694,29.64579697079382,28.048924967152793,4.576389201886256,2.8662100777029553,76.47566511093665,16.08070164783239
ETHUSD_,4,6,5,21.050531587494582,4.408717305263194,5.062172381390369,10.195539791762585,1.5008087382294941,3.383493051396511,1.998845807666078,30.762341954038234,26.622341251317323,3.227302889988267,1.5244919884992767,82.1583067318304,15.991241123239694
ETHUSD_,4,6,6,20.544302296264018,2.8759659477737043,4.469506458053076,9.496277725359088,0.01655344546231013,5.516748024371909,4.788494248714315,41.18110763761636,29.951608652640964,2.1587231762045334,5.425444264883019,74.79483278439915,16.768297055145208
ETHUSD_,5,1,1,17.193854877942773,7.836067157149396,7.330924414081819,9.04982882244571,5.676407590567559,4.508225381076011,8.781885127333316,31.27217479771291,21.149024831311213,9.261830962630855,10.304185694542642,64.18822304244924,16.37938605827029
ETHUSD_,5,1,2,18.961607611583723,5.686427267971793,9.665177518153554,6.984282788036136,5.876816478813621,2.6901144315116756,4.509798563635804,29.310704800287034,24.34179945999962,12.059925243759464,13.893692665051072,59.27202339341071,16.10436418518452
ETHUSD_,5,1,3,10.265118507190866,21.966693205095236,24.424043179274964,14.489851664752418,2.8719370998001965,16.529369384847783,7.914402414284114,51.238465083512395,4.262871705293702,31.628777530761287,31.644261836310395,91.09582703410464,25.694301553769005
ETHUSD_,5,1,4,15.396576963624486,8.552385585468825,15.127152417641426,7.322851127859751,0.17492520623230912,8.154336202274145,5.666758787354496,29.14453441553106,20.13376336899863,9.863437509897656,11.278171906015379,60.79842605173018,15.967776628552365
ETHUSD_,5,1,5,18.353951013995978,8.201402936826563,9.383537419698435,4.898993633914015,2.752742848400634,4.14638763586436,7.352378956920708,29.494287140998527,19.119942975159983,1.8251153526631543,15.247675572097863,63.646640715147655,15.368588016807323
ETHUSD_,5,1,6,21.337463070688564,7.9567567160576305,12.523789067156008,3.9493205778550693,4.615461661491825,6.234674948559752,4.879200381170574,24.955512582492688,21.426867188140708,11.132723564223879,10.91856556689318,55.54811704778463,15.456537697709543
ETHUSD_,5,2,1,17.5838293382556,8.961361847877978,6.9875220891868315,9.190297763343052,5.216278730478543,4.988736577591993,9.429134550098237,30.99927222804466,22.42068946979986,9.762800437115247,9.596183574160746,64.36460044931863,16.62505892127262
ETHUSD_,5,2,2,19.055497507094106,7.116033020493829,8.115113068860891,7.931216625910924,4.832161972232992,3.2177694211518935,6.396101205433394,29.38033440509873,23.80687502152897,12.389689031051967,11.794581759514845,60.69343221965436,16.227400438168907
ETHUSD_,5,2,3,9.380013274127979,23.610652614424428,23.310805193216833,14.877280530980213,4.616520213856954,17.137183969424914,7.150479795452252,50.767085048076844,3.014197838221251,32.92366719112053,31.08649891645394,90.2826706114384,25.679754599732878
ETHUSD_,5,2,4,16.049192787359093,9.794503762367052,13.648338796170984,5.874768891492403,1.0307288262514422,8.30659602957409,6.81691569212282,29.753050133793156,21.09256093263144,10.553100129985955,11.637315889502911,59.98369071844208,16.211730215807787
ETHUSD_,5,2,5,20.586730155678303,12.282530514545547,9.042423302184975,1.313029898691746,0.9483668058930756,6.267615033165154,10.997129066580563,27.99055768666106,14.718441143986826,1.3492163617683344,11.796199682616564,69.19155480933665,15.5403162050924
ETHUSD_,5,2,6,20.413840217220503,8.424702230156559,13.095035971341835,2.322743556085245,3.0680349864959147,8.950314654702915,7.1998413781529145,22.431089975708563,18.62289541271449,11.789943239652052,8.717550620445564,54.57273015964424,14.967393533526733
ETHUSD_,5,3,1,22.330825440890795,11.736343661083165,5.677804132623759,10.650584666995028,7.4304270836486195,5.179003271421364,7.818464334777437,35.87237580063855,28.678983025659498,18.144614347193325,4.376656343159485,91.63343497142151,20.79412642329271
ETHUSD_,5,3,2,22.334259945806913,10.888992805532972,4.3101150462733155,10.798886807127388,6.955213134097652,3.951949201543941,6.952928705716474,36.16137919675233,27.86306571058077,17.43526202975588,4.63003943465425,87.59064865780385,19.989395056303813
ETHUSD_,5,3,3,18.604944359940003,6.842910613476051,11.309453453413688,7.104501700183236,5.069283614973698,6.06285225414191,2.8942189314644864,35.17423813657975,27.494466278898805,16.440008127843974,2.728357461362492,77.33783779224643,18.08858939371038
ETHUSD_,5,3,4,19.605273225114303,9.347020425030097,13.630229095212226,7.848932037947258,4.660517254052861,7.816947396601741,2.114686503468817,33.97933045701686,27.989866571309957,18.41420880904868,5.3226959428039775,77.59845487962336,19.02734688310251
ETHUSD_,5,3,5,21.77510597322558,9.833764777798969,12.758074128660022,3.649201336816092,8.480726987252424,9.616512694634487,3.045112497536167,29.479425381747436,24.643684725953737,19.109851396453717,0.833217919781243,73.92947137566429,18.09617909962701
ETHUSD_,5,3,6,19.488070886850448,11.7654288340845,18.075434596889934,5.595206012799066,7.817991121190729,14.491831820960147,1.5263351450615348,29.407970222097912,20.014696760202757,23.233840322462296,6.164932802460369,68.08492294149085,18.805555122212542
ETHUSD_,5,4,1,28.101986331102026,13.491945382338482,7.020875638484607,9.549997889004755,5.712514152407289,3.7182328259674997,6.262629283724415,34.43422406041941,32.587472641590395,22.360325671925764,8.834392873135918,99.22136838969354,22.60799709498284
ETHUSD_,5,4,2,28.596900537970342,13.456303808049652,3.29902353421049,10.834217566598605,6.021443174492796,3.4612503453363663,7.534668576983903,36.34044244331498,32.79652882138073,22.99230736417324,11.33775332297793,97.12430765118246,22.816262262222622
ETHUSD_,5,4,3,25.79532581955832,8.78442946298626,11.19645409833954,7.932828774820673,3.514920626416878,3.483896291722916,4.312246720499813,35.58040018718846,32.44372695305232,19.203208504275572,3.163226751009722,86.35926987016964,20.14749450500334
ETHUSD_,5,4,4,24.370204022938122,11.262724257802855,11.770887303763795,10.541717972572389,3.985883069986049,4.788766100144728,3.099404936874902,35.36937181064237,33.27272646683223,20.409080573178002,2.276158564470046,89.10583447043156,20.85439662913642
ETHUSD_,5,4,5,24.641834052577423,9.026750657522738,12.386553203181721,7.8955711044189245,4.666742013588687,5.741618508835085,2.6596661845394576,34.502331178692565,35.0773475526034,21.518011486747614,5.132175349009684,87.66627103096162,20.909572693556576
ETHUSD_,5,4,6,32.22513683755778,17.616219973582123,9.311645048675437,10.356514144555678,6.562929420972317,4.463584702397108,0.4195853456934027,32.538367842210555,36.19983444882839,24.401876632243873,2.8359957900135995,87.5158231654482,22.037292779348206
ETHUSD_,5,5,1,17.85849821148133,1.2386260033268586,8.567463982925606,13.777599370372418,8.972363721847437,4.3921881896005734,8.02897008082856,33.44509451859635,22.99922435824778,3.946758120717258,0.4899453276575589,85.85570715392625,17.464369919960664
ETHUSD_,5,5,2,16.646068487787197,4.0293560516714235,9.503457523226972,15.773309104564854,9.31243591882544,3.163367312391278,2.547627744818639,33.959256338135866,27.065281493211813,1.4318021386528192,8.67398158769185,80.88634640382256,17.749357508733393
ETHUSD_,5,5,3,15.61970890255045,2.918965047135003,12.657652304015965,18.608474183040094,10.878150403494448,2.517531281642785,6.413331571696683,38.73717715967124,29.102588071051905,4.235235285336578,13.69281187857608,83.82793205526423,19.934129845289622
ETHUSD_,5,5,4,15.75773871621276,2.6358516932559057,12.845102476185701,17.811879168032156,10.014069218619866,1.6985339493330076,4.196586494654484,32.29233393711286,30.740678757005313,1.9482315334487739,7.869893299951744,77.24260422352494,17.92112528894479
ETHUSD_,5,5,5,13.624288157890103,4.704884955138593,11.292439831737727,17.929361892162873,10.541350893530556,1.4972413857101967,5.124558243011033,32.36571604720319,31.74058962968363,3.214370052977071,6.077790694783111,71.336586199037,17.454098165238758
ETHUSD_,5,5,6,13.437507065248793,5.738709762695813,9.790346692567027,18.11858892060898,12.747634407619469,0.8493437533923143,4.43600485076509,28.240648391580358,32.629623131205356,3.7987652551296254,3.9183252940013187,70.48713262481837,17.01605251246938
ETHUSD_,5,6,1,24.674810932867224,4.54961854754291,4.142619399234913,14.54326478840762,6.830059313771921,2.688249127741139,5.191115285846316,30.300190380206743,25.743840026899505,5.46977578762353,6.982239385915648,90.3225885490354,18.453197627091075
ETHUSD_,5,6,2,24.9550053882858,2.314074714767252,4.337237261705172,13.249070805735188,5.32350994789278,0.5161111246250722,2.2422481958635587,31.372661314228285,25.907671087731348,5.030831737255645,8.822593719879238,85.18873815327223,17.438312787603465
ETHUSD_,5,6,3,22.23003651305156,0.755188559955541,7.909604239066283,12.99055229625104,5.204090746895405,0.23753537490157384,1.393905254413655,31.406203796751957,32.48125334636225,4.3943395769147,4.866142851167346,80.57257747399424,17.036785835810466
ETHUSD_,5,6,4,16.966239907327882,12.05788768045679,16.401594887624302,9.760359629887136,9.651081359175457,6.872447421770893,8.664811188102615,40.131799761053095,28.89695639811891,4.636798565460902,26.06006835182465,88.51590634588234,22.38466262472375
ETHUSD_,5,6,5,22.47938335593021,4.082197454569953,6.827483360753993,10.676614936574085,3.511083770762427,3.2028894280844655,0.5209898368734692,31.308726616310523,26.633832610416924,11.70759595203235,1.0986677360026371,79.08458801027786,16.761171089049075
ETHUSD_,5,6,6,20.378819294731752,4.377757613365512,4.397298659353801,8.962228726948368,2.692329030366967,3.258697224803463,4.272419438490166,33.28098237782477,26.081343360179353,0.6273412308737384,4.991196248097957,77.4932043319568,15.901134794749389
ETHUSD_,6,1,1,16.616449029975442,6.9259189180472065,9.61930653118486,9.884741194010642,4.0975794290003265,3.0156409667772057,7.4218333644081,31.451292447807717,21.335936793245878,7.249736269931911,10.368705259296323,64.8883845853121,16.07296039908314
ETHUSD_,6,1,2,17.816423527504586,6.022627865785162,9.080373820596874,8.989653630819278,4.382816139882236,2.432008458728255,6.958818523548647,31.688485216945537,21.537110888134915,7.736795501967551,9.978898211419326,65.19103550765418,15.984587274415546
ETHUSD_,6,1,3,333.85198990696773,226.7265669478514,35.90814830622736,243.9632680348752,91.14094364178342,47.13131973388542,5.319835280542394,57.00211235683887,48.752808544157375,17.44819543331403,27.435264523512863,61.91195791027824,99.71603421835285
ETHUSD_,6,1,4,15.923141631364981,7.272367664341633,14.542307867928454,7.629808192262232,1.7899428527891128,7.397789133739028,5.481946291407993,28.69663866016781,20.498851207530187,9.735212048618775,11.580712982821135,60.91736052280182,15.955506587981098
ETHUSD_,6,1,5,8.185829643479076,2.578930799288177,22.86097042716129,2.5622526126706577,5.778670657845484,3.4858681725844756,1.1906661336911033,22.20546853499653,15.873068756648387,6.226915595944208,13.236462180012957,36.05090063990021,11.686333679518548
ETHUSD_,6,1,6,8.594909476795866,10.657218500152009,11.705430494394403,7.487918466797218,2.5949499167357644,2.532468160508122,4.168098261051144,33.60757021803586,19.56743738077856,7.0930359712959685,33.02319073840068,44.8308755251826,15.488591925844014
ETHUSD_,6,2,1,17.359041205838775,8.330807221275421,8.473900625999836,9.672064705165722,4.338419191202658,3.923242370599341,8.447479890544363,31.097987256664677,22.48139287149656,7.860183084100003,9.630326439498505,64.75716695514788,16.36433431812781
ETHUSD_,6,2,2,18.461679974678805,7.498077976970259,7.852977123747771,8.971313003089026,4.443858659317819,3.3883168995661106,8.008232515960376,31.34480001136353,22.584416325244273,8.355268266085185,9.129849217163146,65.07227552475786,16.259255458162013
ETHUSD_,6,2,3,3556.115369987807,1633.6018116677383,358.97565085916006,2034.875694660695,593.1404884278512,165.94131919222306,18.868593832123643,83.73021246292221,162.5706274935368,14.291092925532276,23.349178669483337,38.91921406896013,723.6982711873362
ETHUSD_,6,2,4,16.25233526466874,8.687807859856617,13.153059071000605,5.793685720661858,0.5536162405862308,8.310430367470254,6.529041558494867,28.853630781789274,21.080926536696147,10.281947581579534,12.863392333459686,59.09124604721862,15.954259946956869
ETHUSD_,6,2,5,18.3132222364536,14.847465894059365,7.055179492757232,5.830697035937928,4.522548886759274,4.339518379722518,10.138630726489827,33.74241087778899,22.77077039556252,5.508611363306989,20.079787974926138,53.08195247309469,16.685899644738257
ETHUSD_,6,2,6,10.913583554466483,13.6477269449297,10.45774801258132,1.8153426569266902,7.828420382707516,3.4380558823759957,7.318530744702681,36.378782112137365,13.814472512359071,9.387807538035448,33.690106801295,49.25907520995674,16.495804362706167
ETHUSD_,6,3,1,23.529731682140476,12.033497643659803,5.752221310373547,10.688162823499574,7.237183954855915,4.770491456559204,7.325314412992262,35.836123987927905,28.512507929878627,16.018955364359602,4.280167504630514,91.66390379713204,20.637355155667453
ETHUSD_,6,3,2,23.663981707593422,10.730730969705906,4.423550762245891,9.751538043497003,6.943405033020328,4.200289378762618,7.407621962061361,36.89086495756681,27.941683315337063,16.686328882541996,5.00012113224934,88.20590430212155,20.153835037225274
ETHUSD_,6,3,3,3739.456020889183,38181.848237139246,720937.0163878362,18303.243764628704,237647701.94664654,3097.7296092332363,296.05881208626903,1062.6181195112451,1774.7082201912817,869.4677353386342,33.64525999679654,10573.390334021744,19870547.594095614
ETHUSD_,6,3,4,10.462953571429129,20.074456477194936,24.430028832575694,19.52518513642156,1.6920666881414643,1.5466318546119986,1.21685537522275,20.68176831264453,25.25974094237754,46.415884052153345,48.44555395428593,39.62242925149531,21.614462870712853
ETHUSD_,6,3,5,22.10397481068873,10.597236802972459,12.762019907770414,4.3403598276708095,6.6425207631258605,9.909307653731101,10.788521805833346,16.00155958817629,16.52796708177729,104.21746182750962,44.51262820273894,63.98972405577287,26.86610686064731
ETHUSD_,6,3,6,19.484313311988913,11.75101107429242,17.56435568217169,5.246538032407213,6.537721371888922,13.974959344547258,7.368667973135444,28.416177722505648,24.68750192562272,20.214106642729675,7.195815488599407,75.0183720262371,19.7882950496772
ETHUSD_,6,4,1,31.06954785377442,14.690607608164303,6.262392633884836,9.217555021702065,5.861450449728014,3.905641434277062,6.469753931398518,34.43389669472919,32.93792070304325,22.565050320771903,9.743836186964032,100.3149620061445,23.122717903715174
ETHUSD_,6,4,2,29.77172101658742,13.292191587213964,3.37312519517399,9.8019260295865,5.823346211280392,3.667905865335571,7.643118866246547,36.60102923136593,32.52301486364163,22.8915407111756,11.376054493381632,96.91532506834578,22.80669159494458
ETHUSD_,6,4,3,777.8848369600823,6865.578834720949,7967.652249060287,3096.8667790477207,2509.6837154599352,3655221889.4776287,1010.9285596705437,199584.782913926,1438.9823512570501,1959980.9558582965,1618.4966296668258,5644.849420646806,304784365.51164806
ETHUSD_,6,4,4,26.36215231650421,147.85106755501852,55.90014930383931,244.09682109492303,12.436709489532081,73.5677054337022,10.127443210450378,3.6241909520792195,117.1792266538269,307.127391691684,92.98880122740502,17.586915158860915,92.40404784065215
ETHUSD_,6,4,5,14.138663348771995,20.067987834452612,13.800307273844833,5.281464764491664,13.694327021169016,7.567624596046399,10.632004950697148,10.954904841822083,78.2816739999276,366.14354340938786,60.22239087886177,89.10139841103343,57.4905242775422
ETHUSD_,6,4,6,14.790680076738525,15.36082677177106,42.432958328554285,15.16724475025686,0.0793180965713436,5.739043722367244,9.642737988850953,20.7402996586933,7.070539082045968,36.280693537098685,38.9597345678754,42.49643239741485,20.73004241485321
ETHUSD_,6,5,1,14.989999221527164,3.53759012034121,11.05191366060727,17.69461405244634,6.579940279992933,0.6502062003262244,3.5154670916404362,33.020373988237125,20.559324290880095,4.531899116436828,0.6239461635361818,85.3312657280982,16.840544992839167
ETHUSD_,6,5,2,15.73158684942057,4.602006740295025,9.759833721713324,16.76740355788216,7.127780126484856,1.9385871621227866,2.4865272072154516,33.563700117229736,21.298233189294493,3.8588063447283885,1.277889766199655,83.87305537888564,16.857117513456007
ETHUSD_,6,5,3,29.324093447717054,6.28361210830011,22.24069649273376,18.610658215868142,36.063166031172706,2.5870804995578647,8.924101056352134,38.78815923526284,28.565742250316145,0.1929678048143211,13.40438171692061,92.75149446640462,24.81134611045169
ETHUSD_,6,5,4,14.623660468744317,2.114677805984412,12.92525240065171,17.91007353631461,10.005877855699815,1.634559997994742,4.341761645862756,31.86539450592114,28.70262974547433,0.8913646828411458,7.499499178955974,77.71102008115375,17.518814325466558
ETHUSD_,6,5,5,13.866810123661043,4.723966851303346,11.782745252240204,18.12006482249072,9.743382057843837,0.7559572511098,5.1187488359354525,34.048105860976854,29.70613021024941,2.5712117510656203,5.855261328689354,72.2824699664889,17.38123785933788
ETHUSD_,6,5,6,12.32997953221186,4.653134113337489,11.126669354674265,21.837148998356295,6.872041628710673,6.600708680845348,3.5060652782144466,29.684582085312133,1.7724720238836225,29.17601916362332,26.251952640479086,54.88363886158377,17.391201030102692
ETHUSD_,6,6,1,24.67334947728041,3.584193410749284,5.283273866262241,14.736710960812516,6.426481600861337,1.3540911314445925,3.724044987423762,30.379007401203665,25.645314302996695,4.719482992926754,7.2641674765814335,89.70544372756298,18.12463011134214
ETHUSD_,6,6,2,24.963388284131256,2.3362814157074943,4.2361738381877805,13.363484300526665,5.323743781601071,0.7225738538214251,3.2716617370087677,31.518025813399962,25.851724636664553,4.968387827788432,8.554181394574071,85.66298041642017,17.564383941652636
ETHUSD_,6,6,3,83788.04075547188,7172.556603781143,57.91625841875535,2646.563784550806,6106.674837104383,236.00559379262052,29.36303523612115,562.7821093925917,385.08565439235707,2593.8772326879484,112.55639259534138,730.3227385073025,8701.81208299427
ETHUSD_,6,6,4,11.476686377831474,12.398948172521349,16.228706757728453,11.118081047345218,8.77888948564153,6.2509517211067624,8.022282748376725,39.650519075950605,28.046792302654293,26.46128484476169,43.06797602029675,50.30777616655877,21.8174078933978
ETHUSD_,6,6,5,21.386621048425475,4.1930372653821335,6.694878506643354,11.47558119726979,3.144042695312936,9.942126897504913,0.11699361154934121,26.959581897875545,17.689250094999792,61.29870725342641,18.323561358548655,68.69729678160178,20.826806550711677
ETHUSD_,6,6,6,20.01225319923835,4.279123554035754,4.3680494488631005,7.692779278046638,7.645567150072428,2.343016980769269,4.909918175406391,19.25793849366376,25.208815644402055,0.6964350987879434,4.4832127599548075,75.82034152422176,14.726454275621855
