Date,Open,High,Low,Close,Volume (BTC),Volume (Currency),Weighted Price
2011-07-31,23.49,23.5,23.49,23.5,8.5,199.73,23.4976470588
2011-08-07,0.0,0.0,0.0,0.0,0.0,0.0,0.0
2011-08-14,19.85,19.85,19.85,19.85,1.0,19.85,19.85
2011-08-21,0.0,0.0,0.0,0.0,0.0,0.0,0.0
2011-08-28,1.0,18.97,1.0,18.5,0.80651,14.70621,18.2343802309
2011-09-04,10.0,18.49,10.0,14.0,5.63133,85.56892,15.1951528325
2011-09-11,0.0,0.0,0.0,0.0,0.0,0.0,0.0
2011-09-18,12.13,13.9,12.0,12.13,4.5728,61.344416,13.4150664801
2011-09-25,12.0,12.0,12.0,12.0,0.09469,1.13628,12.0
2011-10-02,12.999,13.499,12.999,13.499,1.98,26.23802,13.2515252525
2011-10-09,8.99,9.0,8.99,9.0,5.36527,48.2779899,8.99824051725
2011-10-16,0.0,0.0,0.0,0.0,0.0,0.0,0.0
2011-10-23,0.0,0.0,0.0,0.0,0.0,0.0,0.0
2011-10-30,6.0,6.8,6.0,6.8,0.181,1.097464,6.06333701657
2011-11-06,9.9989,9.9989,8.0,8.0,0.2332,2.045501,8.77144511149
2011-11-13,0.0,0.0,0.0,0.0,0.0,0.0,0.0
2011-11-20,8.102,8.102,6.9,6.9,75.48593,525.120017,6.95652841529
2011-11-27,6.9,6.9,5.95,5.95,0.15,0.9495,6.33
2011-12-04,0.0,0.0,0.0,0.0,0.0,0.0,0.0
2011-12-11,6.9,9.989,6.9,9.989,1.71,12.75659,7.45999415205
2011-12-18,5.6,5.6,5.6,5.6,0.05,0.28,5.6
2011-12-25,8.0,8.47,8.0,8.47,53.42301,431.8399197,8.08340675114
2012-01-01,10.999,11.0,10.999,11.0,17.3,190.2997,10.999982659
2012-01-08,0.0,0.0,0.0,0.0,0.0,0.0,0.0
2012-01-15,19.0,19.0,14.0,14.0,400.03184752,7279.48225536,18.1972567947
2012-01-22,0.0,0.0,0.0,0.0,0.0,0.0,0.0
2012-01-29,0.0,0.0,0.0,0.0,0.0,0.0,0.0
2012-02-05,13.0,13.0,13.0,13.0,487.77358082,6341.05655066,13.0
2012-02-12,11.0,12.1,11.0,12.1,40.37190082,449.999999922,11.1463664277
2012-02-19,9.876,9.876,9.876,9.876,0.14265,1.4088114,9.876
2012-02-26,0.0,0.0,0.0,0.0,0.0,0.0,0.0
2012-03-04,10.04,10.04,10.04,10.04,6.9,69.276,10.04
2012-03-11,10.0,10.0,10.0,10.0,400.0,4000.0,10.0
2012-03-18,0.0,0.0,0.0,0.0,0.0,0.0,0.0
2012-03-25,10.15,10.45,10.15,10.3,64.31022,670.097266,10.4197632351
2012-04-01,0.0,0.0,0.0,0.0,0.0,0.0,0.0
2012-04-08,11.0999,11.1,11.0999,11.1,5.0,55.4997,11.09994
2012-04-15,0.0,0.0,0.0,0.0,0.0,0.0,0.0
2012-04-22,0.0,0.0,0.0,0.0,0.0,0.0,0.0
2012-04-29,11.45,11.45,11.45,11.45,0.082,0.9389,11.45
2012-05-06,12.29,12.29,12.0,12.29,58.359375,703.65659875,12.057301826
2012-05-13,11.3001,11.3001,11.27,11.27,12.85,144.90501,11.2766544747
2012-05-20,11.85,11.85,11.53,11.53,4.333233,51.33921105,11.8477845641
2012-05-27,11.2,11.27,11.2,11.27,17.3161624,194.867827,11.2535227205
2012-06-03,11.8,11.8,11.8,11.8,22.0,259.6,11.8
2012-06-10,11.52001,11.6,11.52001,11.6,0.35516,4.101099,11.5471871832
2012-06-17,14.0,14.0,13.6,13.6,70.0496,959.254571,13.6939335985
2012-06-24,14.4,14.4,14.302,14.303,11.17787469,160.166077691,14.328848921
2012-07-01,14.87402,15.60169,14.87402,15.60169,74.15227,1123.9204418,15.1569256316
2012-07-08,15.53,15.53,15.53,15.53,34.60689,537.4450017,15.53
2012-07-15,16.16101,16.16166,16.16101,16.16166,23.18193166,374.654593302,16.1614915787
2012-07-22,18.9,20.33998,18.8,19.4,79.85367656,1553.62125591,19.4558512874
2012-07-29,20.69,20.69,20.1,20.1,39.19096,790.7652156,20.1772351481
2012-08-05,22.0001,22.0002,21.5,22.0001,3.90663374,84.5456256359,21.6415541519
2012-08-12,23.5,23.62,23.5,23.62,2.58104168,60.6958490456,23.5160282439
2012-08-19,23.71,24.75,16.9,16.9,124.57516878,2767.46821704,22.2152475822
2012-08-26,23.5,23.5,22.8,22.8,46.40019883,1077.49904093,23.2218625802
2012-09-02,25.24,25.2522,23.5,24.98,173.06381519,4226.05458308,24.4190536216
2012-09-09,24.64,24.64,24.64,24.64,7.8329887,193.004841568,24.64
2012-09-16,25.0,25.0,25.0,25.0,2.2,55.0,25.0
2012-09-23,26.99,27.5,25.05,25.05,128.89231,3447.07741498,26.7438562858
2012-09-30,25.5,25.5,25.5,25.5,21.0,535.5,25.5
2012-10-07,26.01,26.01,25.8,25.8,105.5757,2742.52661341,25.9768735932
2012-10-14,26.99,27.0,26.5,26.5,170.8523698,4562.49986209,26.7043405217
2012-10-21,25.96969,25.9999,25.96969,25.9999,1.17774965,30.6127215958,25.9925541865
2012-10-28,23.89,23.89,23.87,23.87,11.231952,268.10831892,23.8701446481
2012-11-04,23.49,23.49,22.02001,22.02001,7.44,172.884709,23.2371920699
2012-11-11,25.24,25.24,24.3,24.3,124.88248599,3060.32082826,24.5056046411
2012-11-18,24.5,24.9,24.49903,24.9,10.50685348,260.633103499,24.8060091439
2012-11-25,26.05898,27.59,26.05898,27.23,9.151767,252.323395218,27.5710029787
2012-12-02,27.99897,27.99898,27.15,27.15,78.63387,2157.44015759,27.4365252224
2012-12-09,28.99,28.99,28.99,28.99,29.0,840.71,28.99
2012-12-16,29.5,29.5,29.5,29.5,22.5775,666.03625,29.5
2012-12-23,0.0,0.0,0.0,0.0,0.0,0.0,0.0
2012-12-30,30.15,30.15,29.56012,29.56012,170.06904,5062.91921665,29.7697877089
2013-01-06,30.0,30.0,30.0,30.0,3.70723394,111.2170182,30.0
2013-01-13,0.0,0.0,0.0,0.0,0.0,0.0,0.0
2013-01-20,35.0,35.0,34.69696,34.69696,36.97029407,1282.87832542,34.7002467167
2013-01-27,42.289,42.39,40.19,40.19,29.50024407,1241.88429001,42.0974242472
2013-02-03,47.88,47.9,47.88,47.9,33.81270241,1619.40316419,47.8933373782
2013-02-10,51.29,51.88,51.29,51.88,17.29762167,893.44810945,51.6515002175
2013-02-17,66.99,66.99,61.89,61.89,88.77077787,5592.28915395,62.9969601274
2013-02-24,66.0,66.0,66.0,66.0,1.15,75.9,66.0
2013-03-03,77.85,77.86,77.1,77.86,19.41601645,1510.19938063,77.781113573
2013-03-10,97.9,102.489,97.9,102.489,21.41407202,2176.06020764,101.618235224
2013-03-17,103.0001,103.0001,103.0001,103.0001,0.5520129,56.8573839013,103.0001
2013-03-24,147.02,180.0,147.02,176.0,12.14686538,2080.48979896,171.277916884
2013-03-31,0.0,0.0,0.0,0.0,0.0,0.0,0.0
2013-04-07,0.0,0.0,0.0,0.0,0.0,0.0,0.0
2013-04-14,0.0,0.0,0.0,0.0,0.0,0.0,0.0
2013-04-21,0.0,0.0,0.0,0.0,0.0,0.0,0.0
2013-04-28,300.0,300.0,300.0,300.0,5.7692,1730.76,300.0
2013-05-05,268.99,268.99,268.99,268.99,0.07,18.8293,268.99
2013-05-12,269.0,269.0,269.0,269.0,0.23637419,63.58465711,269.0
2013-05-19,0.0,0.0,0.0,0.0,0.0,0.0,0.0
2013-05-26,250.0,250.0,250.0,250.0,0.15,37.5,250.0
2013-06-02,260.0,270.0,260.0,268.0,1.8735896,499.62249568,266.66592069
2013-06-09,238.0,238.0,226.0,226.0,2.702,611.276,226.230940044
2013-06-16,257.5,257.5,246.01,257.43,1.98586865,505.085649886,254.339908073
2013-06-23,267.249,267.25,251.02,251.02,1.3947048,366.067264238,262.469351391
2013-06-30,230.0,249.89,220.0,246.99,10.65413294,2376.9597882,223.102133378
2013-07-07,200.1,212.4,191.00001,212.4,38.15997804,7582.36133446,198.699310741
2013-07-14,220.0,228.0,218.0,225.0,22.53519147,5008.34167242,222.24535696
2013-07-21,220.2,223.49,218.9,223.0,10.03688793,2207.79735838,219.968318245
2013-07-28,218.0,221.0,218.0,221.0,10.95114356,2419.00264776,220.890415189
2013-08-04,235.00001,239.29998,232.0,234.5,5.84336135,1372.38941042,234.863005763
2013-08-11,217.9,225.99998,212.50001,212.50001,1.61318074,354.387344602,219.682355371
2013-08-18,248.0,249.0,245.5,249.0,1.70181682,422.78337475,248.430600627
2013-08-25,277.99,277.99,273.0,273.0,0.58486421,162.49725933,277.837584437
2013-09-01,341.9,347.9,337.00002,347.9,18.93112204,6494.28371914,343.048008745
2013-09-08,261.01,261.2,261.01,261.2,13.00362811,3394.26766233,261.024664318
2013-09-15,305.99,313.0,303.0,313.0,3.07031012,938.435002542,305.648278468
2013-09-22,309.0,309.0,298.0,298.0,9.11328,2742.32705212,300.915482913
2013-09-29,335.0,344.78,315.0,317.53,46.79365398,15784.4296746,337.31987849
2013-10-06,305.96,305.96,298.0,298.0,4.06342005,1212.1999985,298.320130231
2013-10-13,311.0,312.95,306.02,306.02,56.89164817,17742.609241,311.866676598
2013-10-20,428.99999,429.65,415.98,416.01,12.31831811,5137.67999177,417.076417892
2013-10-27,450.0,454.98,420.0,445.0,14.58919223,6296.53201237,431.588803074
2013-11-03,485.0,513.21,471.5003,513.21,44.80306202,22350.6410053,498.864140029
2013-11-10,874.00151,929.9998,703.0001,869.9999,52.59050574,44147.5783794,839.459095482
2013-11-17,1120.0,1274.99,1120.0,1274.0,47.56644522,57935.8091519,1217.99745354
2013-11-24,1977.99999,1988.0,1703.0,1959.99999,68.97521163,130697.741374,1894.85089332
2013-12-01,3050.0,3191.99999,2300.0,2739.0,183.95005899,503980.278785,2739.76687777
2013-12-08,1916.0,2180.0,1600.0,2108.0,89.77304131,175748.629725,1957.69940686
2013-12-15,2183.0,2183.0,2001.0,2094.86777,22.55077426,46239.53316,2050.46321811
2013-12-22,1604.89999,1698.0,1550.0,1641.0,19.66429658,32129.8953875,1633.92040273
2013-12-29,1848.5,1879.99999,1781.0,1868.60444,18.41867349,33795.5778277,1834.85405972
2014-01-05,2145.0,2300.0,2100.0,2225.00068,27.68166009,61500.2761853,2221.69754218
2014-01-12,2199.0,2249.99999,2086.00002,2100.0,26.06749594,55839.3437283,2142.10616381
2014-01-19,1931.0,1998.0,1931.0,1950.0,9.43717088,18600.8542493,1971.02018028
2014-01-26,1900.0,1930.0,1849.99999,1930.0,53.27183454,99630.2250119,1870.22327788
2014-02-02,1879.9,1890.0,1845.49999,1850.0,10.11764626,18963.7823123,1874.32746954
2014-02-09,1680.0,1696.99,1560.0,1680.0,35.63582696,58605.6887684,1644.57215583
2014-02-16,1628.0,1640.0,1554.0,1559.0,25.98098538,41191.9905503,1585.46683076
2014-02-23,1460.0,1499.5,1427.0,1458.58,29.74177593,43565.29202,1464.78448774
2014-03-02,1414.0,1415.0,1390.00263,1414.999,7.22050759,10134.3535773,1403.55140563
2014-03-09,1484.0,1494.0,1400.0,1480.0,15.94490898,22917.0493209,1437.26435501
2014-03-16,1548.0,1548.0,1500.0,1510.0,25.32756097,38419.1414231,1516.8906895
2014-03-23,1494.0,1509.99998,1462.83161,1462.83161,18.03408561,26790.3374884,1485.53899919
2014-03-30,1263.12345,1336.0,1122.25,1220.998,42.97615579,51017.724677,1187.11698939
2014-04-06,1140.00001,1200.0,1140.0,1180.00001,16.01930424,18838.896598,1176.01216106
2014-04-13,1069.99985,1069.99985,980.0,992.0,28.85174436,29205.2712334,1012.25322355
2014-04-20,1178.99999,1179.999,1151.0,1167.0,5.66553842,6606.99449616,1166.17239287
2014-04-27,1188.0,1198.96,1130.0,1132.0,31.1544593,36051.3385536,1157.180685
2014-05-04,1124.0,1129.65,1066.0,1114.5,26.03000611,28348.9667696,1089.08797984
2014-05-11,1136.99997,1139.0,1093.50001,1118.98999,21.26707279,23721.561992,1115.41264876
2014-05-18,1110.0,1110.0,1103.0,1107.0,17.3688753,19222.5706984,1106.72512563
2014-05-25,1350.0,1388.0,1322.00001,1388.0,66.0373618,90262.5635729,1366.84084755
2014-06-01,1535.00001,1657.0,1494.0001,1542.99999,75.89436814,119296.96673,1571.88167783
2014-06-08,1590.0,1600.0,1560.5,1580.0,21.19879865,33643.3075021,1587.0384005
2014-06-15,1439.5,1497.99999,1400.0,1492.0,7.84979888,11337.2718471,1444.27545474
2014-06-22,1465.0,1485.0,1465.0,1467.0,7.21727226,10629.432236,1472.77695133
2014-06-29,1383.34001,1440.0,1383.34,1384.0,12.57307426,17606.6932416,1400.34910139
2014-07-06,1478.9548,1519.99,1450.01001,1496.99994,17.74994258,26272.6055946,1480.15158225
2014-07-13,1480.0,1485.0,1445.0,1465.0,15.7011901,22946.8246565,1461.47040513
2014-07-20,1543.05001,1565.5,1536.0,1559.0,15.38073568,23728.7523073,1542.75795391
2014-07-27,1520.0,1535.0,1501.61,1519.00999,10.05805364,15172.0302078,1508.445943
2014-08-03,1513.99914,1513.99915,1470.0,1500.0,14.04896984,20811.7218178,1481.36995487
2014-08-10,1470.00023,1497.99999,1454.33003,1470.00001,9.1787327,13532.0560149,1474.28370094
2014-08-17,1310.0,1325.0,1277.1,1277.4,10.94195366,14195.8371055,1297.37682562
2014-08-24,1250.0,1275.0,1241.99999,1271.99998,7.11169134,8947.84434961,1258.18795021
2014-08-31,1244.99991,1244.99991,1160.5,1188.89998,23.14755305,27881.3600355,1204.50571925
2014-09-07,1130.0,1177.0,1130.0,1132.0,7.33101264,8363.51720926,1140.8406478
2014-09-14,1192.99976,1200.0,1168.5,1168.99994,12.39495396,14624.0672136,1179.84038188
2014-09-21,1049.99983,1049.99983,990.0,991.2,14.30759121,14614.3415545,1021.4396917
2014-09-28,1074.99,1074.99906,960.0,994.14,53.52263753,54173.849816,1012.167044
2014-10-05,898.99999,898.99999,730.11001,776.0,54.09501797,44303.2955502,818.99031025
2014-10-12,934.79978,950.0,900.0,950.0,30.51679099,28398.7784924,930.595176331
2014-10-19,975.0,999.0,960.0,963.00002,60.21396591,58633.0314244,973.744720818
2014-10-26,906.99998,949.99998,903.00001,922.00001,12.76577908,11858.5860267,928.93555124
2014-11-02,840.0,855.0,816.0,840.0,32.85045935,27479.8832217,836.514428274
2014-11-09,944.99922,1000.0,927.00001,999.99999,57.19585985,55150.677713,964.242479397
2014-11-16,1056.00005,1056.00005,1030.0003,1050.0,41.66894304,43640.7843725,1047.32160666
2014-11-23,962.99998,993.0,948.00002,993.0,28.55687732,27769.2308855,972.418327617
2014-11-30,1019.99999,1020.0,1005.99923,1019.00023,15.32412924,15515.0757103,1012.4605103
2014-12-07,1035.0,1035.87675,986.0,1024.99465,63.19738236,63555.1961342,1005.66184486
2014-12-14,981.00001,1014.0,981.00001,991.00012,17.77627742,17791.6139729,1000.86275391
2014-12-21,941.19957,941.99999,905.0,905.00004,31.56459215,29037.9906768,919.954566142
2014-12-28,932.35811,940.0,913.0,924.96475,17.97602102,16547.4070034,920.526683019
2015-01-04,845.17516,864.09826,763.0,848.99999,69.09253508,56106.5798997,812.049808778
2015-01-11,849.00001,870.34128,820.0,820.0,107.01957792,90040.0989074,841.342310046
2015-01-18,626.99999,634.0,607.0261,634.0,12.02078991,7534.33737823,626.775564222
2015-01-25,680.0,693.95,660.0,683.39469,45.28965252,30774.9749469,679.514485859
2015-02-01,646.0,672.99999,620.0,638.00023,103.47689317,65666.1794129,634.597516424
2015-02-08,667.99999,674.0,646.0,650.0,9.89766491,6509.10155924,657.640122031
2015-02-15,715.0,740.00001,694.99999,696.0,51.38436898,36614.8020937,712.566930772
2015-02-22,711.5268,735.3772,688.99,700.0,27.01030397,19014.7599201,703.981707915
2015-03-01,736.0,739.0,730.0,737.0,40.30776284,29656.6076568,735.754246012
2015-03-08,827.97,847.77,823.999,847.77,21.58067309,17923.1616743,830.519122345
2015-03-15,964.61819,969.99999,940.0,966.0,12.93432589,12347.7743242,954.651555036
2015-03-22,879.76977,879.86987,865.00001,873.0,20.28587358,17743.0622599,874.6511305
2015-03-29,848.6,849.0,820.01,820.01002,27.63886901,23059.8922766,834.328360839
2015-04-05,841.69141,848.7,833.40045,845.91329,22.53623106,18884.7783294,837.974117284
2015-04-12,770.0,798.95999,750.01012,783.94999,37.06205396,28615.4060212,772.094446036
2015-04-19,732.34599,745.89999,732.34599,736.0,30.05398645,22215.7064278,739.193333463
2015-04-26,729.69217,729.69217,676.57339,691.99681,31.81830561,22301.6900349,700.907531289
2015-05-03,744.92036,749.0,735.86587,743.0,17.39365651,12960.8180223,745.146255752
2015-05-10,749.39219,750.0,740.5164,749.8,12.6492667,9432.27076196,745.677278033
2015-05-17,744.94001,750.99999,742.88012,742.88012,20.34252359,15182.4223536,746.339178934
2015-05-24,756.7324,759.0,748.32226,755.00001,18.63582562,14128.5420962,758.138779805
2015-05-31,769.79422,769.99999,745.0,768.97896,139.06076047,105035.765104,755.322815355
2015-06-07,760.99999,762.0,748.01012,754.99999,14.10752903,10639.2093509,754.151157747
2015-06-14,748.899,748.899,737.55101,740.09,22.69856694,16864.4014731,742.972079148
2015-06-21,794.91065,795.0,781.5,783.0,25.23224614,19887.9371162,788.195272266
2015-06-28,796.78001,809.47,795.0,805.0,14.62749588,11712.7944546,800.738181757
2015-07-05,836.47,855.0,830.01,854.9,40.26904375,33954.6942348,843.195940921
2015-07-12,979.73057,1000.0,970.0,991.00005,46.64212595,46171.0319533,989.899817233
2015-07-19,932.0,939.8981,924.05955,935.30302,26.16972011,24314.5836066,929.11133571
2015-07-26,958.81182,971.98,958.72857,965.0,19.77694236,19106.7570823,966.112796129
2015-08-02,997.9933,999.99,973.66286,998.99999,22.97861126,22682.1822729,987.099786677
2015-08-09,988.17928,995.0,950.0,966.40583,64.08992645,62413.3385529,973.840071444
2015-08-16,972.44315,972.44315,946.2,969.99,46.02802325,44009.6422177,956.14886563
2015-08-23,891.0,892.1711,868.99363,887.68493,43.14808693,38044.2543978,881.713584649
2015-08-30,864.99292,900.0,848.05019,872.57233,69.79971833,60396.553682,865.283630464
2015-09-06,926.81479,949.99999,925.38364,935.00001,16.91350821,15939.4715752,942.410727408
2015-09-13,945.52,957.29997,933.11,937.83936,32.35925534,30627.7083057,946.489898606
2015-09-20,949.00182,958.98999,932.3,951.5,41.79858238,39156.1348275,936.781407358
2015-09-27,981.92524,982.0,967.51158,977.79885,3.99307311,3899.37765417,976.535502044
2015-10-04,990.0,990.0,983.5,990.0,10.1534802,10031.5549177,987.991774261
2015-10-11,999.0,1004.02517,998.0,1004.02517,5.87023701,5866.76081695,999.407827479
2015-10-18,1067.0,1069.0,1020.10001,1050.0,27.60907669,29013.2665207,1050.85971713
2015-10-25,1098.91,1196.75585,1090.00001,1121.0,93.37146828,106951.842089,1145.44457809
2015-11-01,1224.0,1260.0,1224.0,1240.01001,36.37004122,45131.39872,1240.89490158
2015-11-08,1441.0,1464.99999,1411.21471,1432.31017,23.15104332,33279.8635099,1437.51031216
2015-11-15,1321.35691,1342.44998,1280.12101,1315.6105,34.12647483,44663.5627606,1308.76578912
2015-11-22,1269.9,1277.0,1254.0,1258.0,9.15817026,11564.5372114,1262.75630209
2015-11-29,1418.8,1550.0,1381.0,1479.99663,43.87424314,63986.4024603,1458.40470128
2015-12-06,1500.0,1543.3,1484.00196,1501.05033,101.00939017,153196.941314,1516.66039222
2015-12-13,1718.99989,1756.84755,1695.0,1749.9958,66.43766627,114514.393232,1723.63660046
2015-12-20,1927.99989,1929.34999,1823.0,1843.00001,49.34410928,92844.5943685,1881.57402623
2015-12-27,1761.02,1801.0,1750.0,1770.0,28.25543104,49977.059134,1768.75939579
2016-01-03,1783.0,1800.0,1766.0,1775.0,36.64982175,65246.2307525,1780.26052071
2016-01-10,1882.0,1911.91,1865.56485,1911.91,18.50563295,35005.0966923,1891.59142985
2016-01-17,1799.89997,1810.0,1722.17,1755.01001,36.79600535,64938.2453619,1764.81780411
2016-01-24,1720.0,1770.0,1700.0,1754.99,76.53501599,132849.299759,1735.79763512
2016-01-31,1716.32014,1738.5,1650.9,1704.39773,29.84116325,50707.3414289,1699.24144726
2016-02-07,1650.01899,1650.019,1600.0,1600.0,70.51794443,113678.40386,1612.04931283
2016-02-14,1648.8,1709.0,1633.30007,1700.0,43.50606844,73150.4606006,1681.38522334
2016-02-21,1835.00001,1850.0,1805.99,1811.0,41.24798105,75332.6205834,1826.33473605
2016-02-28,1804.99999,1810.0,1780.0,1808.66656,25.52120928,45838.6270329,1796.09933565
2016-03-06,1690.00005,1745.99999,1690.00005,1719.99999,27.27384745,46882.2903151,1718.94670897
2016-03-13,1706.53889,1708.94753,1630.21,1680.0,29.95747544,50022.7301465,1669.79124281
2016-03-20,1655.02108,1680.0,1614.70012,1673.5,34.48515735,56830.8454934,1647.97988064
2016-03-27,1714.10206,1800.0,1714.10115,1759.0,145.4210275,257221.87181,1768.80796562
2016-04-03,1709.99,1719.19343,1690.00023,1714.5,28.50120933,48681.1207947,1708.03702506
2016-04-10,1664.32999,1668.0,1650.06668,1652.17001,23.04844427,38328.0039332,1662.93236473
2016-04-17,1691.0,1700.0,1673.9,1674.0,23.81846339,40207.6020098,1688.08547182
2016-04-24,1728.74077,1760.0,1718.00084,1760.0,44.01477893,76852.9572429,1746.07164028
2016-05-01,1742.27,1742.27,1713.0,1729.5,20.66648548,35660.1102353,1725.5043326
2016-05-08,1758.73999,1760.0,1736.0,1736.0,27.81155341,48573.9605133,1746.53892205
2016-05-15,1760.00003,1776.0,1760.0,1761.21003,24.13607241,42700.3805645,1769.15199122
2016-05-22,1755.0,1764.5,1738.0,1754.99999,41.17965865,72096.5722205,1750.78120082
2016-05-29,1876.01011,1917.036,1855.004,1901.9997,99.46045593,187619.783873,1886.37566678
2016-06-05,2288.0,2295.0,2255.0,2290.0,52.10475958,118515.664404,2274.56503703
2016-06-12,2300.0,2466.0,2285.00128,2448.99997,161.82625039,383419.997004,2369.33128019
2016-06-19,2887.0001,2890.0,2581.0,2789.0,75.29403283,211397.364774,2807.62441363
2016-06-26,2464.00002,2487.99557,2340.0,2352.00003,76.7469001,184179.405169,2399.8285915
2016-07-03,2297.0,2297.0,2218.0,2232.514,61.5178695,138555.350037,2252.2780968
2016-07-10,2289.99985,2309.99996,2263.30247,2268.00037,34.08844433,78094.5583953,2290.93934705
2016-07-17,2278.02901,2294.99999,2254.00003,2289.97,21.80399819,49589.9621275,2274.35178151
2016-07-24,2235.86005,2254.99993,2202.80001,2239.98946,20.75601849,46374.6761987,2234.27610749
2016-07-31,2119.99999,2119.99999,2050.0,2060.0,23.43066981,48657.3494866,2076.65209237
2016-08-07,1952.10001,1985.0,1920.0,1930.62094,60.42023071,117300.167974,1941.40549607
2016-08-14,1938.54765,1938.55089,1868.0,1905.4294,67.8066429,128769.405614,1899.0677035
2016-08-21,1906.50063,1945.0,1906.50063,1913.00109,27.2599675,52637.3399349,1930.93920361
2016-08-28,1945.0,1945.0,1928.0,1943.89991,21.06489368,40692.1877705,1931.7537695
2016-09-04,1929.03809,1980.0,1929.0,1958.99999,85.63944577,167585.187563,1956.86912796
2016-09-11,2020.0,2034.99,1965.0,1995.0,45.29652935,90506.6674339,1998.09276191
2016-09-18,1994.93887,1997.41891,1952.00009,1987.9925,20.97754949,41438.4072048,1975.36929776
2016-09-25,2010.0,2010.0,1986.70799,2000.0,20.73403493,41409.2986683,1997.16547253
2016-10-02,2008.94526,2008.94526,1980.0,1999.99,19.27648329,38444.6949499,1994.38322704
2016-10-09,2023.86419,2047.77,1990.5,2017.1,65.5538202,132469.642885,2020.77685908
2016-10-16,2175.0,2192.15996,2131.00001,2135.94713,24.17332297,52169.81112,2158.15637696
2016-10-23,2177.41355,2178.05836,2160.0,2162.0,23.56152344,51035.0355566,2166.03292595
2016-10-30,2431.18946,2453.99,2370.00001,2414.99979,89.67482435,216665.022221,2416.11872442
2016-11-06,2346.80096,2365.51134,2320.04304,2358.98999,17.22839013,40461.8689322,2348.55773679
2016-11-13,2486.0,2495.62024,2436.99,2471.96531,79.73925681,196237.952239,2460.9955007
2016-11-20,2541.10505,2579.99,2435.0,2508.79,58.32861662,146390.657507,2509.75706248
2016-11-27,2566.0,2589.96,2554.54,2581.75231,25.08876878,64634.5341591,2576.2338011
2016-12-04,2732.0,2749.9,2710.0,2718.52439,43.47365516,118772.620569,2732.05968377
2016-12-11,2706.94988,2750.0,2675.33021,2682.93138,55.76620557,151216.54454,2711.616166
2016-12-18,2740.0,2772.78994,2735.5001,2746.27898,21.14248092,58281.0249304,2756.58401447
2016-12-25,3079.99999,3090.0,2915.01016,3024.99999,55.08954262,164543.93278,2986.84514256
2017-01-01,3468.99999,3615.0,3424.24001,3565.00091,74.29191994,261516.03807,3520.11414271
2017-01-08,3332.99992,3494.0,3332.10011,3376.00009,81.2150828,278265.857756,3426.28300264
2017-01-15,2890.0,2938.968,2881.0,2924.9999,16.01510321,46468.1879207,2901.52285074
2017-01-22,2996.99998,3010.0,2950.0,2978.03,79.81723137,238360.192107,2986.32498291
2017-01-29,2910.00001,2927.0,2880.001,2900.0,65.64338002,190659.222065,2904.4699101
2017-02-05,3060.0,3074.87904,2992.0,3014.9191,40.20116794,121433.829758,3020.65427401
2017-02-12,3175.43462,3178.66486,3101.63001,3133.14625,51.32239424,160796.191701,3133.06099769
2017-02-19,3271.02941,3300.0,3268.2,3276.0,21.29151824,69979.7127501,3286.74131931
2017-02-26,3664.02002,3724.99999,3663.0,3670.0,76.01164127,280132.647803,3685.39138377
2017-03-05,3902.0,3948.11999,3900.24074,3908.0,39.96666766,156923.679964,3926.36387148
2017-03-12,3769.00001,3848.69999,3751.0,3803.8,68.70000622,260820.972261,3796.52035875
2017-03-19,3332.99984,3679.99997,3260.0,3649.239,111.48741595,390576.299284,3503.32184091
2017-03-26,3450.0,3498.0,3421.79999,3474.89999,58.38238157,203235.249849,3481.10584706
2017-04-02,3578.4784,3589.0,3522.005,3587.98994,83.72074105,297719.327944,3556.10000831
2017-04-09,3660.0,3710.0,3620.0,3699.99998,97.0996271,356200.762661,3668.40505261
2017-04-16,3796.85441,3799.99989,3766.05036,3767.00001,26.64391748,100685.608924,3778.93412256
2017-04-23,3850.02,3937.0,3850.0,3872.00001,100.98859296,392593.660818,3887.50500735
2017-04-30,4500.0,4544.005,4460.0,4537.21982,36.91049416,165884.119921,4494.22647126
2017-05-07,5211.0,5270.0,5100.0,5183.71704,104.44639802,541866.26992,5187.98426937
2017-05-14,6499.0,6589.08,6470.00001,6491.00202,82.31398182,537177.140113,6525.95255673
2017-05-21,7926.24802,8079.99991,7925.0,8020.01,199.06936866,1596044.59007,8017.52977271
2017-05-28,9374.99999,10200.0,9221.00128,9840.01,334.24069533,3271892.41329,9789.03065667
2017-06-04,9119.02584,9246.99979,8900.0,9025.48758,161.92086684,1477620.56622,9125.57223203
2017-06-11,9978.64001,10073.0,9940.0,10010.0,108.89807341,1088285.75205,9993.61805011
2017-06-18,9230.0,9230.00001,8800.0,8860.0,144.56841902,1300621.77369,8996.58295018
2017-06-25,9269.0,9400.0,8999.94569,9179.93885,181.36141408,1673770.32872,9228.9219138
2017-07-02,8817.0,8892.0,8721.00053,8890.0,78.3299551,689754.319732,8805.75405477
2017-07-09,8782.0,8810.0,8671.0,8671.00001,62.63712812,547373.308367,8738.79957137
2017-07-16,6524.0,6708.0,5016.77,5351.0,494.1986719,2891110.64362,5850.09796263
2017-07-23,8949.99889,8998.0,8700.0,8898.96,87.16257426,772701.307933,8865.05836356
2017-07-30,8690.8091,8702.82823,8500.0,8683.20387,85.34145055,733742.856916,8597.73125705
2017-08-06,10600.0,10700.0,10099.0,10317.78302,135.50347063,1408871.31343,10397.3079574
2017-08-13,12550.0,13200.0,12451.0,13190.0,298.01121015,3842409.18553,12893.5055282
2017-08-20,14059.5,14106.999,13935.00002,14070.0,54.38121243,762702.787619,14025.1155415
2017-08-27,14811.0,14949.0,14710.5,14908.0,122.22450238,1811588.70581,14821.8128979
2017-09-03,17400.0,18000.0,17300.0,17890.0,275.89928954,4860784.71369,17617.9674902
2017-09-10,16479.0,16648.0,16010.06,16255.58001,200.79710557,3265197.44354,16261.1778406
2017-09-17,14144.99999,14301.85,13800.0,14200.0,180.93510261,2541395.09305,14045.8930102
2017-09-24,13626.7604,13650.0,13255.55,13400.99,102.43192134,1383663.83099,13508.131185
2017-10-01,14250.0,14489.0,14110.00009,14420.0,103.37540636,1476160.06067,14279.6058816
2017-10-08,14639.0,14985.002,14550.0,14930.0,183.23078743,2715684.92164,14821.116908
2017-10-15,17649.0,17699.99,15400.0,17100.0,435.83048659,7276142.71374,16694.8915636
2017-10-22,18519.0,18847.0,18050.0,18680.90199,158.14058352,2928546.74245,18518.628661
2017-10-29,19115.00001,19887.0,19099.9999,19749.0,194.21896825,3773754.51596,19430.411715
2017-11-05,25028.0,25699.9999,25000.0,25331.09011,186.54752398,4743622.57584,25428.4939014
2017-11-12,22695.92996,23500.0,19500.0,21355.05,832.98143712,18229705.7165,21884.888311
2017-11-19,26749.99999,27600.0,26412.0,27400.0,272.52411353,7374203.06444,27058.9012066
2017-11-26,31220.0,34985.3211,31150.0001,33374.0,733.39400333,24161652.7164,32944.9826515
2017-12-03,41800.0,43123.0,41300.0,42300.0,585.35890726,24764055.528,42305.7635596
2017-12-10,51799.99999,53500.0,48280.0,52299.0,767.07886702,39398565.860079,51361.818913272
2017-12-17,69189.99999,69950.0,66650.0,69350.0,523.84566869,36023991.062671,68768.328566613
2017-12-24,54186.0,55000.0,47000.0,51510.0,600.99151932,30552262.856622,50836.429258088
2017-12-31,46499.9,49897.0,45601.0,48205.55,247.36726582,11814955.397665,47762.808706721
2018-01-07,56798.0,56798.0,54711.0,55099.95,155.94721678,8664045.5562093,55557.551683862
2018-01-14,46890.01952,47234.99899,45100.0,46202.0,93.34151549,4290827.8728802,45969.125853114
2018-01-21,41616.0,41830.0,38250.0,38640.0,220.01921554,8755131.0730612,39792.574714773
2018-01-28,36680.0,38090.0,36299.0,37070.0,103.63842645,3861950.5239211,37263.693170644
2018-02-04,30227.0,30464.99,26300.0,27300.0,215.17661901,6042019.6562436,28079.350275333
2018-02-11,28484.94994,28500.0,27200.0,27750.0,95.39990305,2672789.5533602,28016.690456796
2018-02-18,37000.0,38043.0,35000.0,35698.98999,305.42977963,11157789.665046,36531.439987819
2018-02-25,32699.99,33497.0,31510.98766,32260.0,75.44133666,2438173.4337725,32318.79950326
2018-03-04,37500.0,37679.0,36700.0,37301.01,66.11865641,2452492.8165188,37092.296632752
2018-03-11,30331.98998,32698.99,29050.14,30950.0,162.37295347,5021693.9675423,30926.911534378
2018-03-18,26401.00002,27600.0,24710.88001,27350.0,226.35796539,5830259.2182046,25756.810493324
2018-03-25,29100.0,29440.0,28888.515,28967.72037,35.31277878,1028692.3565783,29130.881004497
2018-04-01,24149.0,24480.0,23060.0,23400.15047,83.09838078,1958802.8598144,23572.094202417
2018-04-08,23611.0,24150.0,23568.6276,23979.5668,46.11899321,1101759.3320886,23889.492276464
2018-04-15,27280.0,28490.0,27010.0,28200.0,97.88474123,2742882.9694926,28021.558161426
2018-04-22,30188.0,30488.00123,29900.0,30197.05,58.67265009,1771977.6106025,30201.083603424
2018-04-29,32162.0,32900.0,32150.01,32599.0,40.3980741,1315017.141525,32551.481000551
2018-05-06,34518.18,34928.0,33555.0,34199.99999,67.57629954,2310375.4503251,34189.138293338
2018-05-13,31790.0,32948.0,31520.0,32690.0,37.24658819,1206021.7008605,32379.387199398
2018-05-20,31605.01,32498.9999,31469.71,32140.0,43.23732748,1383745.2973834,32003.488143977
2018-05-27,27788.98999,27990.0,27260.0,27350.07999,25.52806642,702400.61656748,27514.838178938
2018-06-03,28999.5555,29387.0,28808.00001,29080.00003,31.18832135,910255.45425346,29185.778998441
2018-06-10,29056.0,29469.0,26440.0,26451.0,144.31572548,4001252.1183063,27725.683427762
2018-06-17,25595.99999,25649.0,25302.0,25589.99632,10.94168479,278806.8392308,25481.161684132
2018-06-24,24399.14582,24399.14582,22780.33,23650.1,60.02941677,1403216.8949001,23375.4877259
2018-07-01,24849.0,24900.0,24321.5,24799.99999,36.72154585,906495.37652036,24685.654036004
2018-07-08,26250.0,26280.0,25900.0,25999.99,20.19763449,527929.72639385,26138.195869186
2018-07-15,24589.0,25000.0,24366.0,24780.32188,29.91254572,743042.16809482,24840.485829931
2018-07-22,28597.49,28900.0,28471.1,28639.0,29.06878738,834679.73311531,28713.950884982
2018-07-29,30868.0,30998.98,30521.0,30720.0,23.62553669,727352.67332366,30786.715360905
2018-08-05,27060.04003,27600.0,26875.1,27368.99993,40.43110101,1098192.2746253,27162.06700267
2018-08-12,25068.0,25400.0,24900.0,25160.0,15.25542529,382873.03470135,25097.499900729
2018-08-19,25780.0,25899.0,25561.0,25898.86,15.06623091,387366.32899281,25710.898187263
2018-08-26,27052.0,27200.0,26600.0,26828.97999,32.2334969,865140.16015967,26839.786041324
2018-09-02,29102.003,29299.5,28900.0,29198.97,33.66855613,978503.11432628,29062.817857354
2018-09-09,26531.2,27600.0,26309.0,26930.0,57.09880039,1544386.2799893,27047.613425163
2018-09-16,27596.92996,27597.0,27100.0,27258.99999,21.82762666,596294.38984925,27318.333739966
2018-09-23,27110.0,27348.99999,27052.5,27338.08737,13.3864331,363702.41906098,27169.479453117
2018-09-30,26821.99999,27000.0,26712.0,26730.0707,16.09870942,432331.77531813,26855.058007385
2018-10-07,25999.0,26300.0,25540.0,25695.00001,33.48609963,866209.83640059,25867.74351064
2018-10-14,24089.97999,24095.0,23536.90001,24068.94995,42.36891644,1007927.1355644,23789.30641268
2018-10-21,24091.01001,24288.69,24060.00008,24100.0,12.19368656,294157.85548087,24123.783568935
2018-10-28,23610.0,23757.79999,23213.18,23213.18,18.91621433,444969.50357431,23523.179416963
2018-11-04,23400.00003,23790.0,23090.0,23598.0,37.81316792,890256.22191729,23543.550326193
2018-11-11,24115.01002,24299.0,24005.0,24130.0,20.20171668,487047.74138587,24109.2254238
2018-11-18,21119.14,21297.0,20954.0,21069.5,27.33615684,576857.07417092,21102.347251931
2018-11-25,14902.0,16000.0,13900.0,15071.27001,212.27626359,3134926.5127409,14768.144396944
2018-12-02,16669.44992,17486.0,16066.0,16700.0,258.05496935,4327888.7892458,16771.189487833
